{"assayID":45,"uniqueID":"pubmedCentral:6411009","text":"BRN2 suppresses apoptosis, reprograms DNA damage repair, and is associated with a high somatic mutation burden in melanoma","notes":{},"schemaURI":"http://www.bioassayontology.org/bas/NextGenSeq#","annotations":[],"pubchemXRef":[],"curationTime":1555107091774,"curatorID":"trusted:anyone","history":[{"curationTime":1555106386058,"curatorID":"trusted:anyone","uniqueIDPatch":"@@ -1,21 +0,0 @@\n-pubmedCentral:6411009\n","textPatch":"@@ -1,122 +0,0 @@\n-BRN2 suppresses apoptosis, reprograms DNA damage repair, and is associated with a high somatic mutation burden in melanoma\n","annotsAdded":[],"annotsRemoved":[],"labelsAdded":[],"labelsRemoved":[],"notesModified":{}}],"holdingIDList":[]}