{"assayID":72,"uniqueID":"pubmedCentral:5887154","text":"Seven-Up Is a Novel Regulator of Insulin Signaling","notes":{},"schemaURI":"http://www.bioassayontology.org/bas/NextGenSeq#","annotations":[],"pubchemXRef":[],"curationTime":1555106981934,"curatorID":"trusted:anyone","history":[{"curationTime":1555106981934,"curatorID":"trusted:anyone","uniqueIDPatch":"@@ -1,21 +0,0 @@\n-pubmedCentral:5887154\n","textPatch":"@@ -1,50 +0,0 @@\n-Seven-Up Is a Novel Regulator of Insulin Signaling\n","annotsAdded":[],"annotsRemoved":[],"labelsAdded":[],"labelsRemoved":[],"notesModified":{}}],"holdingIDList":[]}