{"assayID":43,"uniqueID":"pubmedCentral:6401111","text":"Loss of a proteostatic checkpoint in intestinal stem cells contributes to age-related epithelial dysfunction","notes":{},"schemaURI":"http://www.bioassayontology.org/bas/NextGenSeq#","annotations":[],"pubchemXRef":[],"curationTime":1555106345591,"curatorID":"trusted:anyone","history":[{"curationTime":1555106345591,"curatorID":"trusted:anyone","uniqueIDPatch":"@@ -1,21 +0,0 @@\n-pubmedCentral:6401111\n","textPatch":"@@ -1,108 +0,0 @@\n-Loss of a proteostatic checkpoint in intestinal stem cells contributes to age-related epithelial dysfunction\n","annotsAdded":[],"annotsRemoved":[],"labelsAdded":[],"labelsRemoved":[],"notesModified":{}}],"holdingIDList":[]}