{"assayID":38,"uniqueID":"pubmedCentral:4904785","text":"NIPBL Controls RNA Biogenesis to Prevent Activation of the Stress Kinase PKR","notes":{},"schemaURI":"http://www.bioassayontology.org/bas/NextGenSeq#","annotations":[],"pubchemXRef":[],"curationTime":1555106211126,"curatorID":"trusted:anyone","history":[{"curationTime":1555106211126,"curatorID":"trusted:anyone","uniqueIDPatch":"@@ -1,21 +0,0 @@\n-pubmedCentral:4904785\n","textPatch":"@@ -1,76 +0,0 @@\n-NIPBL Controls RNA Biogenesis to Prevent Activation of the Stress Kinase PKR\n","annotsAdded":[],"annotsRemoved":[],"labelsAdded":[],"labelsRemoved":[],"notesModified":{}}],"holdingIDList":[]}