{"assayID":64,"uniqueID":"pubmedCentral:6176566","text":"ACSS2 promotes systemic fat storage and utilization through selective regulation of genes involved in lipid metabolism","notes":{},"schemaURI":"http://www.bioassayontology.org/bas/NextGenSeq#","annotations":[],"pubchemXRef":[],"curationTime":1555106830072,"curatorID":"trusted:anyone","history":[{"curationTime":1555106830072,"curatorID":"trusted:anyone","uniqueIDPatch":"@@ -1,21 +0,0 @@\n-pubmedCentral:6176566\n","textPatch":"@@ -1,118 +0,0 @@\n-ACSS2 promotes systemic fat storage and utilization through selective regulation of genes involved in lipid metabolism\n","annotsAdded":[],"annotsRemoved":[],"labelsAdded":[],"labelsRemoved":[],"notesModified":{}}],"holdingIDList":[]}