{"assayID":71,"uniqueID":"pubmedCentral:5880723","text":"Krüppel-like Factor 5, Increased in Pancreatic Ductal Adenocarcinoma, Promotes Proliferation, Acinar to Ductal Metaplasia, Pancreatic Intraepithelial Neoplasia, and Tumor Growth in Mice","notes":{},"schemaURI":"http://www.bioassayontology.org/bas/NextGenSeq#","annotations":[],"pubchemXRef":[],"curationTime":1555106962528,"curatorID":"trusted:anyone","history":[{"curationTime":1555106962528,"curatorID":"trusted:anyone","uniqueIDPatch":"@@ -1,21 +0,0 @@\n-pubmedCentral:5880723\n","textPatch":"@@ -1,185 +0,0 @@\n-Kr%C3%BCppel-like Factor 5, Increased in Pancreatic Ductal Adenocarcinoma, Promotes Proliferation, Acinar to Ductal Metaplasia, Pancreatic Intraepithelial Neoplasia, and Tumor Growth in Mice\n","annotsAdded":[],"annotsRemoved":[],"labelsAdded":[],"labelsRemoved":[],"notesModified":{}}],"holdingIDList":[]}