{"assayID":50,"uniqueID":"pubmedCentral:6373082","text":"Streamlined computational pipeline for genetic background characterization of genetically engineered mice based on next generation sequencing data","notes":{},"schemaURI":"http://www.bioassayontology.org/bas/NextGenSeq#","annotations":[],"pubchemXRef":[],"curationTime":1555106504880,"curatorID":"trusted:anyone","history":[{"curationTime":1555106504880,"curatorID":"trusted:anyone","uniqueIDPatch":"@@ -1,21 +0,0 @@\n-pubmedCentral:6373082\n","textPatch":"@@ -1,146 +0,0 @@\n-Streamlined computational pipeline for genetic background characterization of genetically engineered mice based on next generation sequencing data\n","annotsAdded":[],"annotsRemoved":[],"labelsAdded":[],"labelsRemoved":[],"notesModified":{}}],"holdingIDList":[]}