{"assayID":52,"uniqueID":"pubmedCentral:6368334","text":"Heme peroxidase HPX-2 protects Caenorhabditis elegans from pathogens","notes":{},"schemaURI":"http://www.bioassayontology.org/bas/NextGenSeq#","annotations":[],"pubchemXRef":[],"curationTime":1555106552823,"curatorID":"trusted:anyone","history":[{"curationTime":1555106552823,"curatorID":"trusted:anyone","uniqueIDPatch":"@@ -1,21 +0,0 @@\n-pubmedCentral:6368334\n","textPatch":"@@ -1,68 +0,0 @@\n-Heme peroxidase HPX-2 protects Caenorhabditis elegans from pathogens\n","annotsAdded":[],"annotsRemoved":[],"labelsAdded":[],"labelsRemoved":[],"notesModified":{}}],"holdingIDList":[]}