{"assayID":39,"uniqueID":"pubmedCentral:6426975","text":"ER stress-induced mediator C/EBP homologous protein thwarts effector T cell activity in tumors through T-bet repression","notes":{},"schemaURI":"http://www.bioassayontology.org/bas/NextGenSeq#","annotations":[],"pubchemXRef":[],"curationTime":1555106241994,"curatorID":"trusted:anyone","history":[{"curationTime":1555106241994,"curatorID":"trusted:anyone","uniqueIDPatch":"@@ -1,21 +0,0 @@\n-pubmedCentral:6426975\n","textPatch":"@@ -1,119 +0,0 @@\n-ER stress-induced mediator C/EBP homologous protein thwarts effector T cell activity in tumors through T-bet repression\n","annotsAdded":[],"annotsRemoved":[],"labelsAdded":[],"labelsRemoved":[],"notesModified":{}}],"holdingIDList":[]}