{"assayID":8,"uniqueID":"pubmedCentral:4691242","text":"Mother Centriole Distal Appendages Mediate Centrosome Docking at the Immunological Synapse and Reveal Mechanistic Parallels with Ciliogenesis\n\nSummary\nCytotoxic T lymphocytes (CTLs) are highly effective serial killers capable of destroying virally infected and cancerous targets by polarized release from secretory lysosomes. Upon target contact, the CTL centrosome rapidly moves to the immunological synapse, focusing microtubule-directed release at this point [1, 2, 3]. Striking similarities have been noted between centrosome polarization at the synapse and basal body docking during ciliogenesis [1, 4, 5, 6, 7, 8], suggesting that CTL centrosomes might dock with the plasma membrane during killing, in a manner analogous to primary cilia formation [1, 4]. However, questions remain regarding the extent and function of centrosome polarization at the synapse, and recent reports have challenged its role [9, 10]. Here, we use high-resolution transmission electron microscopy (TEM) tomography analysis to show that, as in ciliogenesis, the distal appendages of the CTL mother centriole contact the plasma membrane directly during synapse formation. This is functionally important as small interfering RNA (siRNA) targeting of the distal appendage protein, Cep83, required for membrane contact during ciliogenesis [11], impairs CTL secretion. Furthermore, the regulatory proteins CP110 and Cep97, which must dissociate from the mother centriole to allow cilia formation [12], remain associated with the mother centriole in CTLs, and neither axoneme nor transition zone ciliary structures form. Moreover, complete centrosome docking can occur in proliferating CTLs with multiple centriole pairs. Thus, in CTLs, centrosomes dock transiently with the membrane, within the cell cycle and without progression into ciliogenesis. We propose that this transient centrosome docking without cilia formation is important for CTLs to deliver rapid, repeated polarized secretion directed by the centrosome.\n\nxperimental Procedures\nCell Preparation and Culture\nBreeding of genetically modified mice used in this study were licensed by the appropriate UK regulatory authority (Animals, Scientific Procedures Act, 1986), under project license PPL 80/2415, and were approved by the local ethics committee. CTLs from C57BL/6, OT1, and F5 mice, and P815 and EL4 target cells were cultured as in the Supplemental Experimental Procedures or described previously [26, 27].\n\nTEM and Tomography\nCTLs were prepared for TEM as described previously [26, 27]. Thin (50\u201370 nm) and semi-thin (100\u2013150 nm) sections were used for conventional TEM and thick (400\u2013500 nm) sections used for tomography (see the Supplemental Experimental Procedures).\n\nImmunofluorescence Microscopy\nCTLs and targets were conjugated and adhered to slides at 37°C for 20\u201330 min, processed, and imaged as in the Supplemental Experimental Procedures. Primary antibodies used were rabbit anti-Cep164 (Novus Biologicals), CP110 or Cep97 (Proteintech); rat anti-CD44 (BD Transduction Labs) or CD8 (YTS192; H Waldmann, Oxford University); and mouse anti-centrobin (Abcam), acetylated tubulin or gamma-tubulin (Sigma-Aldrich), centrin-3 (Novus Biologicals), Lck (Merck Millipore), or PKC-θ (BD Transduction Labs).\n\nRNAi, Degranulation, and Western Blotting\nNon-targeting siRNA and murine Cep83 siRNA were obtained from Dharmacon (ON-TARGET plus Smart pool L-063954 and L-045514). 5 × 106 CTLs were nucleofected with 3 μg of siRNA using Mouse T Nucleofector Kit (Amaxa) and X-001 program according to manufacturer\u2019s instructions. Knockdown efficiency and degranulation were assessed 24 hr post-nucleofection as described in the Supplemental Experimental Procedures.","notes":{},"schemaURI":"http://www.bioassayontology.org/bas/MIARE#","annotations":[],"pubchemXRef":[],"curationTime":1554950231009,"curatorID":"trusted:anyone","history":[{"curationTime":1554950231009,"curatorID":"trusted:anyone","uniqueIDPatch":"@@ -1,21 +0,0 @@\n-pubmedCentral:4691242\n","textPatch":"@@ -1,3705 +0,0 @@\n-Mother Centriole Distal Appendages Mediate Centrosome Docking at the Immunological Synapse and Reveal Mechanistic Parallels with Ciliogenesis%0A%0ASummary%0ACytotoxic T lymphocytes (CTLs) are highly effective serial killers capable of destroying virally infected and cancerous targets by polarized release from secretory lysosomes. Upon target contact, the CTL centrosome rapidly moves to the immunological synapse, focusing microtubule-directed release at this point %5B1, 2, 3%5D. Striking similarities have been noted between centrosome polarization at the synapse and basal body docking during ciliogenesis %5B1, 4, 5, 6, 7, 8%5D, suggesting that CTL centrosomes might dock with the plasma membrane during killing, in a manner analogous to primary cilia formation %5B1, 4%5D. However, questions remain regarding the extent and function of centrosome polarization at the synapse, and recent reports have challenged its role %5B9, 10%5D. Here, we use high-resolution transmission electron microscopy (TEM) tomography analysis to show that, as in ciliogenesis, the distal appendages of the CTL mother centriole contact the plasma membrane directly during synapse formation. This is functionally important as small interfering RNA (siRNA) targeting of the distal appendage protein, Cep83, required for membrane contact during ciliogenesis %5B11%5D, impairs CTL secretion. Furthermore, the regulatory proteins CP110 and Cep97, which must dissociate from the mother centriole to allow cilia formation %5B12%5D, remain associated with the mother centriole in CTLs, and neither axoneme nor transition zone ciliary structures form. Moreover, complete centrosome docking can occur in proliferating CTLs with multiple centriole pairs. Thus, in CTLs, centrosomes dock transiently with the membrane, within the cell cycle and without progression into ciliogenesis. We propose that this transient centrosome docking without cilia formation is important for CTLs to deliver rapid, repeated polarized secretion directed by the centrosome.%0A%0Axperimental Procedures%0ACell Preparation and Culture%0ABreeding of genetically modified mice used in this study were licensed by the appropriate UK regulatory authority (Animals, Scientific Procedures Act, 1986), under project license PPL 80/2415, and were approved by the local ethics committee. CTLs from C57BL/6, OT1, and F5 mice, and P815 and EL4 target cells were cultured as in the Supplemental Experimental Procedures or described previously %5B26, 27%5D.%0A%0ATEM and Tomography%0ACTLs were prepared for TEM as described previously %5B26, 27%5D. Thin (50%E2%80%9370 nm) and semi-thin (100%E2%80%93150 nm) sections were used for conventional TEM and thick (400%E2%80%93500 nm) sections used for tomography (see the Supplemental Experimental Procedures).%0A%0AImmunofluorescence Microscopy%0ACTLs and targets were conjugated and adhered to slides at 37%C2%B0C for 20%E2%80%9330 min, processed, and imaged as in the Supplemental Experimental Procedures. Primary antibodies used were rabbit anti-Cep164 (Novus Biologicals), CP110 or Cep97 (Proteintech); rat anti-CD44 (BD Transduction Labs) or CD8 (YTS192; H Waldmann, Oxford University); and mouse anti-centrobin (Abcam), acetylated tubulin or gamma-tubulin (Sigma-Aldrich), centrin-3 (Novus Biologicals), Lck (Merck Millipore), or PKC-%CE%B8 (BD Transduction Labs).%0A%0ARNAi, Degranulation, and Western Blotting%0ANon-targeting siRNA and murine Cep83 siRNA were obtained from Dharmacon (ON-TARGET plus Smart pool L-063954 and L-045514). 5 %C3%97 106 CTLs were nucleofected with 3 %CE%BCg of siRNA using Mouse T Nucleofector Kit (Amaxa) and X-001 program according to manufacturer%E2%80%99s instructions. Knockdown efficiency and degranulation were assessed 24 hr post-nucleofection as described in the Supplemental Experimental Procedures.\n","annotsAdded":[],"annotsRemoved":[],"labelsAdded":[],"labelsRemoved":[],"notesModified":{}}],"holdingIDList":[]}