{"assayID":70,"uniqueID":"pubmedCentral:6203439","text":"SIRT6-mediated transcriptional suppression of Txnip is critical for pancreatic beta cell function and survival in mice","notes":{},"schemaURI":"http://www.bioassayontology.org/bas/NextGenSeq#","annotations":[],"pubchemXRef":[],"curationTime":1555106945822,"curatorID":"trusted:anyone","history":[{"curationTime":1555106945822,"curatorID":"trusted:anyone","uniqueIDPatch":"@@ -1,21 +0,0 @@\n-pubmedCentral:6203439\n","textPatch":"@@ -1,118 +0,0 @@\n-SIRT6-mediated transcriptional suppression of Txnip is critical for pancreatic beta cell function and survival in mice\n","annotsAdded":[],"annotsRemoved":[],"labelsAdded":[],"labelsRemoved":[],"notesModified":{}}],"holdingIDList":[]}