{"assayID":48,"uniqueID":"pubmedCentral:6400416","text":"Global transcriptional regulation of innate immunity by ATF-7 in C. elegans","notes":{},"schemaURI":"http://www.bioassayontology.org/bas/NextGenSeq#","annotations":[],"pubchemXRef":[],"curationTime":1555106454195,"curatorID":"trusted:anyone","history":[{"curationTime":1555106454195,"curatorID":"trusted:anyone","uniqueIDPatch":"@@ -1,21 +0,0 @@\n-pubmedCentral:6400416\n","textPatch":"@@ -1,75 +0,0 @@\n-Global transcriptional regulation of innate immunity by ATF-7 in C. elegans\n","annotsAdded":[],"annotsRemoved":[],"labelsAdded":[],"labelsRemoved":[],"notesModified":{}}],"holdingIDList":[]}