{"assayID":67,"uniqueID":"pubmedCentral:5889736","text":"Notum attenuates Wnt/βcatenin signaling to promote tracheal cartilage patterning","notes":{},"schemaURI":"http://www.bioassayontology.org/bas/NextGenSeq#","annotations":[],"pubchemXRef":[],"curationTime":1555106889668,"curatorID":"trusted:anyone","history":[{"curationTime":1555106889668,"curatorID":"trusted:anyone","uniqueIDPatch":"@@ -1,21 +0,0 @@\n-pubmedCentral:5889736\n","textPatch":"@@ -1,80 +0,0 @@\n-Notum attenuates Wnt/%CE%B2catenin signaling to promote tracheal cartilage patterning\n","annotsAdded":[],"annotsRemoved":[],"labelsAdded":[],"labelsRemoved":[],"notesModified":{}}],"holdingIDList":[]}