{"assayID":59,"uniqueID":"pubmedCentral:6237282","text":"IRE1α-XBP1 controls T cell function in ovarian cancer by regulating mitochondrial activity\n\nTumors evade immune control by creating hostile microenvironments that perturb T cell metabolism and effector function1\u20134. However, it remains unclear how intratumoral T cells integrate and interpret metabolic stress signals. Here we report that ovarian cancer (OvCa), an aggressive malignancy refractory to standard treatments and current immunotherapies5\u20138, induces Endoplasmic Reticulum (ER) stress and activation of the IRE1α-XBP1 arm of the Unfolded Protein Response (UPR)9,10 in T cells to control their mitochondrial respiration and anti-tumor function. XBP1 upregulation in T cells isolated from human OvCa specimens was associated with decreased intratumoral T cell infiltration and reduced IFNG mRNA expression. Malignant ascites fluid obtained from OvCa patients inhibited glucose uptake and caused N-linked protein glycosylation defects in T cells, leading to IRE1α/XBP1-driven suppression of mitochondrial activity and IFN-γ production. Mechanistically, XBP1 induction limited the influx of glutamine necessary to sustain T cell mitochondrial respiration under glucose-deprived conditions by regulating the abundance of glutamine carriers. Restoring N-linked protein glycosylation, abrogating IRE1α-XBP1 activation or enforcing expression of glutamine transporters enhanced mitochondrial respiration in human T cells exposed to OvCa ascites. XBP1-deficient T cells in the metastatic OvCa milieu exhibited global transcriptional reprogramming and improved effector capacity. Accordingly, OvCa-bearing mice lacking XBP1 selectively in T cells demonstrated superior anti-tumor immunity, delayed malignant progression and increased overall survival. Therefore, controlling ER stress or targeting IRE1α-XBP1 signaling may help restore T cell metabolic fitness and anti-tumor capacity in cancer hosts.\n","notes":{},"schemaURI":"http://www.bioassayontology.org/bas/NextGenSeq#","annotations":[{"propURI":"http://www.bioassayontology.org/bao#BAO_0002865","propLabel":"instrument platform","propAbbrev":"bao:BAO_0002865","valueURI":"http://www.bioassayexpress.org/bae#FAIR_0001106","valueLabel":"Illumina HiSeq 2000","valueAbbrev":"bae:FAIR_0001106","valueDescr":"","groupNest":["http://www.bioassayexpress.org/bae#FAIR_0000001"],"groupLabel":["library"],"valueHier":["http://www.bioassayexpress.org/bae#FAIR_0001097","http://www.bioassayontology.org/bao#BAO_0000697"],"labelHier":["Illumina","detection instrument"]},{"propURI":"http://www.bioassayexpress.org/bae#FAIR_0000004","propLabel":"strategy","propAbbrev":"bae:FAIR_0000004","valueURI":"http://www.bioassayexpress.org/bae#FAIR_0001005","valueLabel":"RNA-Seq","valueAbbrev":"bae:FAIR_0001005","valueDescr":"Random sequencing of whole transcriptome","groupNest":["http://www.bioassayexpress.org/bae#FAIR_0000001"],"groupLabel":["library"],"valueHier":["http://www.bioassayexpress.org/bae#FAIR_0001001"],"labelHier":["strategy"]},{"propURI":"http://www.bioassayontology.org/bao#BAO_0002800","propLabel":"assay cell line","propAbbrev":"bao:BAO_0002800","valueURI":"http://purl.obolibrary.org/obo/BTO_0000091","valueLabel":"ascites","valueAbbrev":"obo:BTO_0000091","valueDescr":"Accumulation of serous fluid in the spaces between tissues and organs in the cavity of the abdomen.","groupNest":["http://www.bioassayexpress.org/bae#FAIR_0000003"],"groupLabel":["biosample details"],"valueHier":["http://dto.org/DTO/DTO_000"],"labelHier":["BRENDA tissues and cell lines"]},{"propURI":"http://www.bioassayexpress.org/bae#FAIR_0000006","propLabel":"source","propAbbrev":"bae:FAIR_0000006","valueURI":"http://www.bioassayexpress.org/bae#FAIR_0001037","valueLabel":"transcriptomic","valueAbbrev":"bae:FAIR_0001037","valueDescr":"Transcription products or non genomic DNA (EST, cDNA, RT-PCR, screened libraries)","groupNest":["http://www.bioassayexpress.org/bae#FAIR_0000001"],"groupLabel":["library"],"valueHier":["http://www.bioassayexpress.org/bae#FAIR_0001035"],"labelHier":["library source"]},{"propURI":"http://www.bioassayexpress.org/bae#FAIR_0000007","propLabel":"selection","propAbbrev":"bae:FAIR_0000007","valueURI":"http://www.bioassayexpress.org/bae#FAIR_0001057","valueLabel":"cDNA","valueAbbrev":"bae:FAIR_0001057","valueDescr":"Complementary DNA","groupNest":["http://www.bioassayexpress.org/bae#FAIR_0000001"],"groupLabel":["library"],"valueHier":["http://www.bioassayexpress.org/bae#FAIR_0001044"],"labelHier":["library selection"]},{"propURI":"http://www.bioassayexpress.org/bae#FAIR_0000008","propLabel":"layout","propAbbrev":"bae:FAIR_0000008","valueURI":"http://www.bioassayexpress.org/bae#FAIR_0001080","valueLabel":"single","valueAbbrev":"bae:FAIR_0001080","valueDescr":"","groupNest":["http://www.bioassayexpress.org/bae#FAIR_0000001"],"groupLabel":["library"],"valueHier":["http://www.bioassayexpress.org/bae#FAIR_0001078"],"labelHier":["library layout"]},{"propURI":"http://www.bioassayexpress.org/bae#FAIR_0000012","propLabel":"type","propAbbrev":"bae:FAIR_0000012","valueURI":"http://www.bioassayexpress.org/bae#FAIR_0001159","valueLabel":"model organism/animal","valueAbbrev":"bae:FAIR_0001159","valueDescr":"","groupNest":["http://www.bioassayexpress.org/bae#FAIR_0000002"],"groupLabel":["biosample package"],"valueHier":["http://www.bioassayexpress.org/bae#FAIR_0001157"],"labelHier":["biosample type"]},{"propURI":"http://www.bioassayontology.org/bao#BAO_0000205","propLabel":"format","propAbbrev":"bao:BAO_0000205","valueURI":"http://www.bioassayontology.org/bao#BAO_0000219","valueLabel":"cell based format","valueAbbrev":"bao:BAO_0000219","valueDescr":"Involves the use of living cells of eukaryotic origin, derived from a multicellular organism, and is a heterogeneous assay type. Typically, this refers to permanent (immortal) cell lines, or primary cells, or some form of stem cells. This is distinct from a single-celled organism-based format (classically bacteria or yeast).","groupNest":["http://www.bioassayexpress.org/bae#FAIR_0000002"],"groupLabel":["biosample package"],"valueHier":["http://www.bioassayontology.org/bao#BAO_0000019"],"labelHier":["assay format"]},{"propURI":"http://www.bioassayexpress.org/bae#FAIR_0000005","propLabel":"construction kit","propAbbrev":"bae:FAIR_0000005","valueURI":"http://www.bioassayexpress.com/bao_provisional#FAIR_0000180","valueLabel":"miRVana miRNA isolation kit","valueAbbrev":"user:FAIR_0000180","valueDescr":"miRVana miRNA isolation kit (Ambion)","groupNest":["http://www.bioassayexpress.org/bae#FAIR_0000001"],"groupLabel":["library"],"valueHier":["http://www.bioassayexpress.org/bae#FAIR_0001264"],"labelHier":["construction kit"]},{"propURI":"http://www.bioassayexpress.org/bae#FAIR_0000005","propLabel":"construction kit","propAbbrev":"bae:FAIR_0000005","valueURI":"http://www.bioassayexpress.com/bao_provisional#FAIR_0000181","valueLabel":"RNeasy MinElute kit","valueAbbrev":"user:FAIR_0000181","valueDescr":"RNeasy MinElute kit (Qiagen)","groupNest":["http://www.bioassayexpress.org/bae#FAIR_0000001"],"groupLabel":["library"],"valueHier":["http://www.bioassayexpress.org/bae#FAIR_0001264"],"labelHier":["construction kit"]},{"propURI":"http://www.bioassayontology.org/bao#BAO_0002921","propLabel":"organism","propAbbrev":"bao:BAO_0002921","valueURI":"http://purl.obolibrary.org/obo/NCBITaxon_10090","valueLabel":"Mus musculus","valueAbbrev":"obo:NCBITaxon_10090","valueDescr":"","groupNest":["http://www.bioassayexpress.org/bae#FAIR_0000003"],"groupLabel":["biosample details"],"altLabels":["mouse","mice C57BL/6xCBA/CaJ hybrid","house mouse","Mus muscaris"],"valueHier":["http://www.bioassayontology.org/bao#BAO_0000362","http://www.bioassayontology.org/bao#BAO_0000510","http://www.bioassayontology.org/bao#BAO_0000659","http://www.bioassayontology.org/bao#BAO_0000509","http://www.bioassayontology.org/bao#BAO_0000658","http://www.bioassayontology.org/bao#BAO_0000551"],"labelHier":["mammalian","vertebrate","metazoa","eukaryote","cellular organisms","organism"]},{"propURI":"http://www.bioassayontology.org/bao#BAO_0002848","propLabel":"disease","propAbbrev":"bao:BAO_0002848","valueURI":"http://purl.obolibrary.org/obo/DOID_2394","valueLabel":"ovarian cancer","valueAbbrev":"obo:DOID_2394","valueDescr":"A female reproductive organ cancer that is located_in the ovary.","groupNest":["http://www.bioassayexpress.org/bae#FAIR_0000003"],"groupLabel":["biosample details"],"valueHier":["http://purl.obolibrary.org/obo/DOID_120","http://purl.obolibrary.org/obo/DOID_193","http://purl.obolibrary.org/obo/DOID_0050686","http://purl.obolibrary.org/obo/DOID_162","http://purl.obolibrary.org/obo/DOID_14566","http://purl.obolibrary.org/obo/DOID_4"],"labelHier":["female reproductive organ cancer","reproductive organ cancer","organ system cancer","cancer","disease of cellular proliferation","Disease"]},{"propURI":"http://www.bioassayexpress.org/bae#FAIR_0000157","valueLabel":"GSE118430","propAbbrev":"bae:FAIR_0000157","groupNest":["http://www.bioassayexpress.org/bae#FAIR_0000001"],"propLabel":"geo ID","groupLabel":["library"]},{"propURI":"http://www.bioassayexpress.org/bae#FAIR_0000010","valueLabel":"SRX4546389","propAbbrev":"bae:FAIR_0000010","groupNest":["http://www.bioassayexpress.org/bae#FAIR_0000002"],"propLabel":"sample ID","groupLabel":["biosample package"]}],"pubchemXRef":[],"curationTime":1555348004234,"curatorID":"trusted:anyone","history":[{"curationTime":1555106730611,"curatorID":"trusted:anyone","uniqueIDPatch":"@@ -1,21 +0,0 @@\n-pubmedCentral:6237282\n","textPatch":"@@ -1,90 +0,0 @@\n-IRE1%CE%B1-XBP1 controls T cell function in ovarian cancer by regulating mitochondrial activity\n","annotsAdded":[],"annotsRemoved":[],"labelsAdded":[],"labelsRemoved":[],"notesModified":{}},{"curationTime":1555343946356,"curatorID":"trusted:anyone","textPatch":"@@ -87,1815 +87,4 @@\n vity\n-%0A%0ATumors evade immune control by creating hostile microenvironments that perturb T cell metabolism and effector function1%E2%80%934. However, it remains unclear how intratumoral T cells integrate and interpret metabolic stress signals. Here we report that ovarian cancer (OvCa), an aggressive malignancy refractory to standard treatments and current immunotherapies5%E2%80%938, induces Endoplasmic Reticulum (ER) stress and activation of the IRE1%CE%B1-XBP1 arm of the Unfolded Protein Response (UPR)9,10 in T cells to control their mitochondrial respiration and anti-tumor function. XBP1 upregulation in T cells isolated from human OvCa specimens was associated with decreased intratumoral T cell infiltration and reduced IFNG mRNA expression. Malignant ascites fluid obtained from OvCa patients inhibited glucose uptake and caused N-linked protein glycosylation defects in T cells, leading to IRE1%CE%B1/XBP1-driven suppression of mitochondrial activity and IFN-%CE%B3 production. Mechanistically, XBP1 induction limited the influx of glutamine necessary to sustain T cell mitochondrial respiration under glucose-deprived conditions by regulating the abundance of glutamine carriers. Restoring N-linked protein glycosylation, abrogating IRE1%CE%B1-XBP1 activation or enforcing expression of glutamine transporters enhanced mitochondrial respiration in human T cells exposed to OvCa ascites. XBP1-deficient T cells in the metastatic OvCa milieu exhibited global transcriptional reprogramming and improved effector capacity. Accordingly, OvCa-bearing mice lacking XBP1 selectively in T cells demonstrated superior anti-tumor immunity, delayed malignant progression and increased overall survival. Therefore, controlling ER stress or targeting IRE1%CE%B1-XBP1 signaling may help restore T cell metabolic fitness and anti-tumor capacity in cancer hosts.%0A\n","annotsAdded":[{"propURI":"http://www.bioassayontology.org/bao#BAO_0002865","propLabel":"instrument platform","propAbbrev":"bao:BAO_0002865","valueURI":"http://www.bioassayexpress.org/bae#FAIR_0001106","valueLabel":"Illumina HiSeq 2000","valueAbbrev":"bae:FAIR_0001106","valueDescr":"","groupNest":["http://www.bioassayexpress.org/bae#FAIR_0000001"],"groupLabel":["library"],"valueHier":["http://www.bioassayexpress.org/bae#FAIR_0001097","http://www.bioassayontology.org/bao#BAO_0000697"],"labelHier":["Illumina","detection instrument"]},{"propURI":"http://www.bioassayontology.org/bao#BAO_0002800","propLabel":"assay cell line","propAbbrev":"bao:BAO_0002800","valueURI":"http://purl.obolibrary.org/obo/BTO_0000091","valueLabel":"ascites","valueAbbrev":"obo:BTO_0000091","valueDescr":"Accumulation of serous fluid in the spaces between tissues and organs in the cavity of the abdomen.","groupNest":["http://www.bioassayexpress.org/bae#FAIR_0000003"],"groupLabel":["biosample details"],"valueHier":["http://dto.org/DTO/DTO_000"],"labelHier":["BRENDA tissues and cell lines"]},{"propURI":"http://www.bioassayexpress.org/bae#FAIR_0000004","propLabel":"strategy","propAbbrev":"bae:FAIR_0000004","valueURI":"http://www.bioassayexpress.org/bae#FAIR_0001005","valueLabel":"RNA-Seq","valueAbbrev":"bae:FAIR_0001005","valueDescr":"Random sequencing of whole transcriptome","groupNest":["http://www.bioassayexpress.org/bae#FAIR_0000001"],"groupLabel":["library"],"valueHier":["http://www.bioassayexpress.org/bae#FAIR_0001001"],"labelHier":["strategy"]},{"propURI":"http://www.bioassayontology.org/bao#BAO_0002921","propLabel":"organism","propAbbrev":"bao:BAO_0002921","valueURI":"http://purl.obolibrary.org/obo/NCBITaxon_9606","valueLabel":"Homo sapiens","valueAbbrev":"obo:NCBITaxon_9606","valueDescr":"","groupNest":["http://www.bioassayexpress.org/bae#FAIR_0000003"],"groupLabel":["biosample details"],"altLabels":["man","human"],"valueHier":["http://www.bioassayontology.org/bao#BAO_0000362","http://www.bioassayontology.org/bao#BAO_0000510","http://www.bioassayontology.org/bao#BAO_0000659","http://www.bioassayontology.org/bao#BAO_0000509","http://www.bioassayontology.org/bao#BAO_0000658","http://www.bioassayontology.org/bao#BAO_0000551"],"labelHier":["mammalian","vertebrate","metazoa","eukaryote","cellular organisms","organism"]}],"annotsRemoved":[],"labelsAdded":[],"labelsRemoved":[],"notesModified":{}},{"curationTime":1555348004234,"curatorID":"trusted:anyone","annotsAdded":[{"propURI":"http://www.bioassayexpress.org/bae#FAIR_0000008","propLabel":"layout","propAbbrev":"bae:FAIR_0000008","valueURI":"http://www.bioassayexpress.org/bae#FAIR_0001080","valueLabel":"single","valueAbbrev":"bae:FAIR_0001080","valueDescr":"","groupNest":["http://www.bioassayexpress.org/bae#FAIR_0000001"],"groupLabel":["library"],"valueHier":["http://www.bioassayexpress.org/bae#FAIR_0001078"],"labelHier":["library layout"]},{"propURI":"http://www.bioassayexpress.org/bae#FAIR_0000006","propLabel":"source","propAbbrev":"bae:FAIR_0000006","valueURI":"http://www.bioassayexpress.org/bae#FAIR_0001037","valueLabel":"transcriptomic","valueAbbrev":"bae:FAIR_0001037","valueDescr":"Transcription products or non genomic DNA (EST, cDNA, RT-PCR, screened libraries)","groupNest":["http://www.bioassayexpress.org/bae#FAIR_0000001"],"groupLabel":["library"],"valueHier":["http://www.bioassayexpress.org/bae#FAIR_0001035"],"labelHier":["library source"]},{"propURI":"http://www.bioassayexpress.org/bae#FAIR_0000012","propLabel":"type","propAbbrev":"bae:FAIR_0000012","valueURI":"http://www.bioassayexpress.org/bae#FAIR_0001159","valueLabel":"model organism/animal","valueAbbrev":"bae:FAIR_0001159","valueDescr":"","groupNest":["http://www.bioassayexpress.org/bae#FAIR_0000002"],"groupLabel":["biosample package"],"valueHier":["http://www.bioassayexpress.org/bae#FAIR_0001157"],"labelHier":["biosample type"]},{"propURI":"http://www.bioassayexpress.org/bae#FAIR_0000005","propLabel":"construction kit","propAbbrev":"bae:FAIR_0000005","valueURI":"http://www.bioassayexpress.com/bao_provisional#FAIR_0000181","valueLabel":"RNeasy MinElute kit","valueAbbrev":"user:FAIR_0000181","valueDescr":"RNeasy MinElute kit (Qiagen)","groupNest":["http://www.bioassayexpress.org/bae#FAIR_0000001"],"groupLabel":["library"],"valueHier":["http://www.bioassayexpress.org/bae#FAIR_0001264"],"labelHier":["construction kit"]},{"propURI":"http://www.bioassayexpress.org/bae#FAIR_0000007","propLabel":"selection","propAbbrev":"bae:FAIR_0000007","valueURI":"http://www.bioassayexpress.org/bae#FAIR_0001057","valueLabel":"cDNA","valueAbbrev":"bae:FAIR_0001057","valueDescr":"Complementary DNA","groupNest":["http://www.bioassayexpress.org/bae#FAIR_0000001"],"groupLabel":["library"],"valueHier":["http://www.bioassayexpress.org/bae#FAIR_0001044"],"labelHier":["library selection"]},{"propURI":"http://www.bioassayexpress.org/bae#FAIR_0000005","propLabel":"construction kit","propAbbrev":"bae:FAIR_0000005","valueURI":"http://www.bioassayexpress.com/bao_provisional#FAIR_0000180","valueLabel":"miRVana miRNA isolation kit","valueAbbrev":"user:FAIR_0000180","valueDescr":"miRVana miRNA isolation kit (Ambion)","groupNest":["http://www.bioassayexpress.org/bae#FAIR_0000001"],"groupLabel":["library"],"valueHier":["http://www.bioassayexpress.org/bae#FAIR_0001264"],"labelHier":["construction kit"]},{"propURI":"http://www.bioassayontology.org/bao#BAO_0000205","propLabel":"format","propAbbrev":"bao:BAO_0000205","valueURI":"http://www.bioassayontology.org/bao#BAO_0000219","valueLabel":"cell based format","valueAbbrev":"bao:BAO_0000219","valueDescr":"Involves the use of living cells of eukaryotic origin, derived from a multicellular organism, and is a heterogeneous assay type. Typically, this refers to permanent (immortal) cell lines, or primary cells, or some form of stem cells. This is distinct from a single-celled organism-based format (classically bacteria or yeast).","groupNest":["http://www.bioassayexpress.org/bae#FAIR_0000002"],"groupLabel":["biosample package"],"valueHier":["http://www.bioassayontology.org/bao#BAO_0000019"],"labelHier":["assay format"]},{"propURI":"http://www.bioassayontology.org/bao#BAO_0002921","propLabel":"organism","propAbbrev":"bao:BAO_0002921","valueURI":"http://purl.obolibrary.org/obo/NCBITaxon_10090","valueLabel":"Mus musculus","valueAbbrev":"obo:NCBITaxon_10090","valueDescr":"","groupNest":["http://www.bioassayexpress.org/bae#FAIR_0000003"],"groupLabel":["biosample details"],"altLabels":["mouse","mice C57BL/6xCBA/CaJ hybrid","house mouse","Mus muscaris"],"valueHier":["http://www.bioassayontology.org/bao#BAO_0000362","http://www.bioassayontology.org/bao#BAO_0000510","http://www.bioassayontology.org/bao#BAO_0000659","http://www.bioassayontology.org/bao#BAO_0000509","http://www.bioassayontology.org/bao#BAO_0000658","http://www.bioassayontology.org/bao#BAO_0000551"],"labelHier":["mammalian","vertebrate","metazoa","eukaryote","cellular organisms","organism"]},{"propURI":"http://www.bioassayontology.org/bao#BAO_0002848","propLabel":"disease","propAbbrev":"bao:BAO_0002848","valueURI":"http://purl.obolibrary.org/obo/DOID_2394","valueLabel":"ovarian cancer","valueAbbrev":"obo:DOID_2394","valueDescr":"A female reproductive organ cancer that is located_in the ovary.","groupNest":["http://www.bioassayexpress.org/bae#FAIR_0000003"],"groupLabel":["biosample details"],"valueHier":["http://purl.obolibrary.org/obo/DOID_120","http://purl.obolibrary.org/obo/DOID_193","http://purl.obolibrary.org/obo/DOID_0050686","http://purl.obolibrary.org/obo/DOID_162","http://purl.obolibrary.org/obo/DOID_14566","http://purl.obolibrary.org/obo/DOID_4"],"labelHier":["female reproductive organ cancer","reproductive organ cancer","organ system cancer","cancer","disease of cellular proliferation","Disease"]}],"annotsRemoved":[{"propURI":"http://www.bioassayontology.org/bao#BAO_0002921","propLabel":"organism","propAbbrev":"bao:BAO_0002921","valueURI":"http://purl.obolibrary.org/obo/NCBITaxon_9606","valueLabel":"Homo sapiens","valueAbbrev":"obo:NCBITaxon_9606","valueDescr":"","groupNest":["http://www.bioassayexpress.org/bae#FAIR_0000003"],"groupLabel":["biosample details"],"altLabels":["man","human"],"valueHier":["http://www.bioassayontology.org/bao#BAO_0000362","http://www.bioassayontology.org/bao#BAO_0000510","http://www.bioassayontology.org/bao#BAO_0000659","http://www.bioassayontology.org/bao#BAO_0000509","http://www.bioassayontology.org/bao#BAO_0000658","http://www.bioassayontology.org/bao#BAO_0000551"],"labelHier":["mammalian","vertebrate","metazoa","eukaryote","cellular organisms","organism"]}],"labelsAdded":[{"propURI":"http://www.bioassayexpress.org/bae#FAIR_0000010","valueLabel":"SRX4546389","propAbbrev":"bae:FAIR_0000010","groupNest":["http://www.bioassayexpress.org/bae#FAIR_0000002"],"propLabel":"sample ID","groupLabel":["biosample package"]},{"propURI":"http://www.bioassayexpress.org/bae#FAIR_0000157","valueLabel":"GSE118430","propAbbrev":"bae:FAIR_0000157","groupNest":["http://www.bioassayexpress.org/bae#FAIR_0000001"],"propLabel":"geo ID","groupLabel":["library"]}],"labelsRemoved":[],"notesModified":{}}],"holdingIDList":[]}