{"assayID":84,"uniqueID":"pubmedCentral:5724009","text":"Nuclear export factor 3 regulates localization of small nucleolar RNAs","notes":{},"schemaURI":"http://www.bioassayontology.org/bas/NextGenSeq#","annotations":[],"pubchemXRef":[],"curationTime":1555107402169,"curatorID":"trusted:anyone","history":[{"curationTime":1555107402169,"curatorID":"trusted:anyone","uniqueIDPatch":"@@ -1,21 +0,0 @@\n-pubmedCentral:5724009\n","textPatch":"@@ -1,70 +0,0 @@\n-Nuclear export factor 3 regulates localization of small nucleolar RNAs\n","annotsAdded":[],"annotsRemoved":[],"labelsAdded":[],"labelsRemoved":[],"notesModified":{}}],"holdingIDList":[]}