{"assayID":76,"uniqueID":"pubmedCentral:5875457","text":"Developmental history provides a roadmap for the emergence of tumor plasticity","notes":{},"schemaURI":"http://www.bioassayontology.org/bas/NextGenSeq#","annotations":[],"pubchemXRef":[],"curationTime":1555107109731,"curatorID":"trusted:anyone","history":[{"curationTime":1555107109731,"curatorID":"trusted:anyone","uniqueIDPatch":"@@ -1,21 +0,0 @@\n-pubmedCentral:5875457\n","textPatch":"@@ -1,78 +0,0 @@\n-Developmental history provides a roadmap for the emergence of tumor plasticity\n","annotsAdded":[],"annotsRemoved":[],"labelsAdded":[],"labelsRemoved":[],"notesModified":{}}],"holdingIDList":[]}