{"assayID":44,"uniqueID":"pubmedCentral:6399264","text":"Essential and non-overlapping IL-2Rα-dependent processes for thymic development and peripheral homeostasis of regulatory T cells","notes":{},"schemaURI":"http://www.bioassayontology.org/bas/NextGenSeq#","annotations":[],"pubchemXRef":[],"curationTime":1555106364596,"curatorID":"trusted:anyone","history":[{"curationTime":1555106364596,"curatorID":"trusted:anyone","uniqueIDPatch":"@@ -1,21 +0,0 @@\n-pubmedCentral:6399264\n","textPatch":"@@ -1,128 +0,0 @@\n-Essential and non-overlapping IL-2R%CE%B1-dependent processes for thymic development and peripheral homeostasis of regulatory T cells\n","annotsAdded":[],"annotsRemoved":[],"labelsAdded":[],"labelsRemoved":[],"notesModified":{}}],"holdingIDList":[]}