{"assayID":55,"uniqueID":"pubmedCentral:6341105","text":"BAP1 complex promotes transcription by opposing PRC1-mediated H2A ubiquitylation","notes":{},"schemaURI":"http://www.bioassayontology.org/bas/NextGenSeq#","annotations":[],"pubchemXRef":[],"curationTime":1555106612400,"curatorID":"trusted:anyone","history":[{"curationTime":1555106612400,"curatorID":"trusted:anyone","uniqueIDPatch":"@@ -1,21 +0,0 @@\n-pubmedCentral:6341105\n","textPatch":"@@ -1,80 +0,0 @@\n-BAP1 complex promotes transcription by opposing PRC1-mediated H2A ubiquitylation\n","annotsAdded":[],"annotsRemoved":[],"labelsAdded":[],"labelsRemoved":[],"notesModified":{}}],"holdingIDList":[]}