{"assayID":47,"uniqueID":"pubmedCentral:6383285","text":"Mitochondrial hypoxic stress induces widespread RNA editing by APOBEC3G in natural killer cells","notes":{},"schemaURI":"http://www.bioassayontology.org/bas/NextGenSeq#","annotations":[],"pubchemXRef":[],"curationTime":1555106432729,"curatorID":"trusted:anyone","history":[{"curationTime":1555106432729,"curatorID":"trusted:anyone","uniqueIDPatch":"@@ -1,21 +0,0 @@\n-pubmedCentral:6383285\n","textPatch":"@@ -1,95 +0,0 @@\n-Mitochondrial hypoxic stress induces widespread RNA editing by APOBEC3G in natural killer cells\n","annotsAdded":[],"annotsRemoved":[],"labelsAdded":[],"labelsRemoved":[],"notesModified":{}}],"holdingIDList":[]}