{"assayID":80,"uniqueID":"pubmedCentral:6322662","text":"PRMT5 regulates DNA repair by controlling the alternative splicing of key histone-modifying enzymes","notes":{},"schemaURI":"http://www.bioassayontology.org/bas/NextGenSeq#","annotations":[],"pubchemXRef":[],"curationTime":1555107270942,"curatorID":"trusted:anyone","history":[{"curationTime":1555107270942,"curatorID":"trusted:anyone","uniqueIDPatch":"@@ -1,21 +0,0 @@\n-pubmedCentral:6322662\n","textPatch":"@@ -1,99 +0,0 @@\n-PRMT5 regulates DNA repair by controlling the alternative splicing of key histone-modifying enzymes\n","annotsAdded":[],"annotsRemoved":[],"labelsAdded":[],"labelsRemoved":[],"notesModified":{}}],"holdingIDList":[]}