{"assayID":74,"uniqueID":"pubmedCentral:5860980","text":"The alternative NF-κB pathway in regulatory T cell homeostasis and suppressive function","notes":{},"schemaURI":"http://www.bioassayontology.org/bas/NextGenSeq#","annotations":[],"pubchemXRef":[],"curationTime":1555107027923,"curatorID":"trusted:anyone","history":[{"curationTime":1555107027923,"curatorID":"trusted:anyone","uniqueIDPatch":"@@ -1,21 +0,0 @@\n-pubmedCentral:5860980\n","textPatch":"@@ -1,87 +0,0 @@\n-The alternative NF-%CE%BAB pathway in regulatory T cell homeostasis and suppressive function\n","annotsAdded":[],"annotsRemoved":[],"labelsAdded":[],"labelsRemoved":[],"notesModified":{}}],"holdingIDList":[]}