{"assayID":81,"uniqueID":"pubmedCentral:6261257","text":"Failed Progenitor Specification Underlies the Cardiopharyngeal Phenotypesin a Zebrafish Model of 22q11.2 Deletion Syndrome","notes":{},"schemaURI":"http://www.bioassayontology.org/bas/NextGenSeq#","annotations":[],"pubchemXRef":[],"curationTime":1555107288383,"curatorID":"trusted:anyone","history":[{"curationTime":1555107288383,"curatorID":"trusted:anyone","uniqueIDPatch":"@@ -1,21 +0,0 @@\n-pubmedCentral:6261257\n","textPatch":"@@ -1,122 +0,0 @@\n-Failed Progenitor Specification Underlies the Cardiopharyngeal Phenotypesin a Zebrafish Model of 22q11.2 Deletion Syndrome\n","annotsAdded":[],"annotsRemoved":[],"labelsAdded":[],"labelsRemoved":[],"notesModified":{}}],"holdingIDList":[]}