{"assayID":33,"uniqueID":"pubmedCentral:5344684","text":"Gene Resistance to Transcriptional Reprogramming following Nuclear Transfer Is Directly Mediated by Multiple Chromatin-Repressive Pathways\n\nSummary\nUnderstanding the mechanism of resistance of genes to reactivation will help improve the success of nuclear reprogramming. Using mouse embryonic fibroblast nuclei with normal or reduced DNA methylation in combination with chromatin modifiers able to erase H3K9me3, H3K27me3, and H2AK119ub1 from transplanted nuclei, we reveal the basis for resistance of genes to transcriptional reprogramming by oocyte factors. A majority of genes is affected by more than one type of treatment, suggesting that resistance can require repression through multiple epigenetic mechanisms. We classify resistant genes according to their sensitivity to 11 chromatin modifier combinations, revealing the existence of synergistic as well as adverse effects of chromatin modifiers on removal of resistance. We further demonstrate that the chromatin modifier USP21 reduces resistance through its H2AK119 deubiquitylation activity. Finally, we provide evidence that H2A ubiquitylation also contributes to resistance to transcriptional reprogramming in mouse nuclear transfer embryos.","notes":{},"schemaURI":"http://www.bioassayontology.org/bas/NextGenSeq#","annotations":[{"propURI":"http://www.bioassayexpress.org/bae#FAIR_0000004","propLabel":"strategy","propAbbrev":"bae:FAIR_0000004","valueURI":"http://www.bioassayexpress.org/bae#FAIR_0001005","valueLabel":"RNA-Seq","valueAbbrev":"bae:FAIR_0001005","valueDescr":"Random sequencing of whole transcriptome","groupNest":["http://www.bioassayexpress.org/bae#FAIR_0000001"],"groupLabel":["library"],"valueHier":["http://www.bioassayexpress.org/bae#FAIR_0001001"],"labelHier":["strategy"]},{"propURI":"http://www.bioassayexpress.org/bae#FAIR_0000006","propLabel":"source","propAbbrev":"bae:FAIR_0000006","valueURI":"http://www.bioassayexpress.org/bae#FAIR_0001037","valueLabel":"transcriptomic","valueAbbrev":"bae:FAIR_0001037","valueDescr":"Transcription products or non genomic DNA (EST, cDNA, RT-PCR, screened libraries)","groupNest":["http://www.bioassayexpress.org/bae#FAIR_0000001"],"groupLabel":["library"],"valueHier":["http://www.bioassayexpress.org/bae#FAIR_0001035"],"labelHier":["library source"]},{"propURI":"http://www.bioassayexpress.org/bae#FAIR_0000007","propLabel":"selection","propAbbrev":"bae:FAIR_0000007","valueURI":"http://www.bioassayexpress.org/bae#FAIR_0001057","valueLabel":"cDNA","valueAbbrev":"bae:FAIR_0001057","valueDescr":"Complementary DNA","groupNest":["http://www.bioassayexpress.org/bae#FAIR_0000001"],"groupLabel":["library"],"valueHier":["http://www.bioassayexpress.org/bae#FAIR_0001044"],"labelHier":["library selection"]},{"propURI":"http://www.bioassayexpress.org/bae#FAIR_0000005","propLabel":"construction kit","propAbbrev":"bae:FAIR_0000005","valueURI":"http://www.bioassayexpress.com/bao_provisional#FAIR_0000149","valueLabel":"Illumina TruSeq RNA Sample prep kit","valueAbbrev":"user:FAIR_0000149","valueDescr":"","groupNest":["http://www.bioassayexpress.org/bae#FAIR_0000001"],"groupLabel":["library"],"valueHier":["http://www.bioassayexpress.org/bae#FAIR_0001264"],"labelHier":["construction kit"]},{"propURI":"http://www.bioassayexpress.org/bae#FAIR_0000008","propLabel":"layout","propAbbrev":"bae:FAIR_0000008","valueURI":"http://www.bioassayexpress.org/bae#FAIR_0001080","valueLabel":"single","valueAbbrev":"bae:FAIR_0001080","valueDescr":"","groupNest":["http://www.bioassayexpress.org/bae#FAIR_0000001"],"groupLabel":["library"],"valueHier":["http://www.bioassayexpress.org/bae#FAIR_0001078"],"labelHier":["library layout"]},{"propURI":"http://www.bioassayontology.org/bao#BAO_0002865","propLabel":"instrument platform","propAbbrev":"bao:BAO_0002865","valueURI":"http://www.bioassayexpress.org/bae#FAIR_0001106","valueLabel":"Illumina HiSeq 2000","valueAbbrev":"bae:FAIR_0001106","valueDescr":"","groupNest":["http://www.bioassayexpress.org/bae#FAIR_0000001"],"groupLabel":["library"],"valueHier":["http://www.bioassayexpress.org/bae#FAIR_0001097","http://www.bioassayontology.org/bao#BAO_0000697"],"labelHier":["Illumina","detection instrument"]},{"propURI":"http://www.bioassayontology.org/bao#BAO_0000205","propLabel":"format","propAbbrev":"bao:BAO_0000205","valueURI":"http://www.bioassayontology.org/bao#BAO_0000219","valueLabel":"cell based format","valueAbbrev":"bao:BAO_0000219","valueDescr":"Involves the use of living cells of eukaryotic origin, derived from a multicellular organism, and is a heterogeneous assay type. Typically, this refers to permanent (immortal) cell lines, or primary cells, or some form of stem cells. This is distinct from a single-celled organism-based format (classically bacteria or yeast).","groupNest":["http://www.bioassayexpress.org/bae#FAIR_0000002"],"groupLabel":["biosample package"],"valueHier":["http://www.bioassayontology.org/bao#BAO_0000019"],"labelHier":["assay format"]},{"propURI":"http://www.bioassayexpress.org/bae#FAIR_0000012","propLabel":"type","propAbbrev":"bae:FAIR_0000012","valueURI":"http://www.bioassayexpress.org/bae#FAIR_0001159","valueLabel":"model organism/animal","valueAbbrev":"bae:FAIR_0001159","valueDescr":"","groupNest":["http://www.bioassayexpress.org/bae#FAIR_0000002"],"groupLabel":["biosample package"],"valueHier":["http://www.bioassayexpress.org/bae#FAIR_0001157"],"labelHier":["biosample type"]},{"propURI":"http://www.bioassayexpress.org/bae#FAIR_0000013","propLabel":"biomaterial provider","propAbbrev":"bae:FAIR_0000013","valueURI":"http://www.bioassayexpress.com/bao_provisional#FAIR_0000150","valueLabel":"Nasco","valueAbbrev":"user:FAIR_0000150","valueDescr":"","groupNest":["http://www.bioassayexpress.org/bae#FAIR_0000002"],"groupLabel":["biosample package"],"valueHier":["http://www.bioassayexpress.org/bae#FAIR_0001265"],"labelHier":["biomaterial provider"]},{"propURI":"http://www.bioassayexpress.org/bae#FAIR_0000014","propLabel":"geographic origin","propAbbrev":"bae:FAIR_0000014","valueURI":"http://www.bioassayontology.org/bat#Unknown","valueLabel":"unknown","valueAbbrev":"bat:Unknown","valueDescr":"There should be a term assigned to this property but the value was not specified in the source information.","groupNest":["http://www.bioassayexpress.org/bae#FAIR_0000003"],"groupLabel":["biosample details"],"valueHier":["http://www.bioassayontology.org/bat#Absence"],"labelHier":["absence"]},{"propURI":"http://www.bioassayontology.org/bao#BAO_0002921","propLabel":"organism","propAbbrev":"bao:BAO_0002921","valueURI":"http://purl.obolibrary.org/obo/NCBITaxon_8355","valueLabel":"Xenopus laevis","valueAbbrev":"obo:NCBITaxon_8355","valueDescr":"","groupNest":["http://www.bioassayexpress.org/bae#FAIR_0000003"],"groupLabel":["biosample details"],"altLabels":["platanna","clawed frog","Bufo laevis","Xenopus leavis","common platanna","African clawed frog"],"valueHier":["http://www.bioassayontology.org/bao#BAO_0000518","http://www.bioassayontology.org/bao#BAO_0000510","http://www.bioassayontology.org/bao#BAO_0000659","http://www.bioassayontology.org/bao#BAO_0000509","http://www.bioassayontology.org/bao#BAO_0000658","http://www.bioassayontology.org/bao#BAO_0000551"],"labelHier":["non-mammalian","vertebrate","metazoa","eukaryote","cellular organisms","organism"]},{"propURI":"http://www.bioassayexpress.org/bae#FAIR_0000015","propLabel":"strain/isolate","propAbbrev":"bae:FAIR_0000015","valueURI":"http://www.bioassayontology.org/bat#Unknown","valueLabel":"unknown","valueAbbrev":"bat:Unknown","valueDescr":"There should be a term assigned to this property but the value was not specified in the source information.","groupNest":["http://www.bioassayexpress.org/bae#FAIR_0000003"],"groupLabel":["biosample details"],"valueHier":["http://www.bioassayontology.org/bat#Absence"],"labelHier":["absence"]},{"propURI":"http://www.bioassayexpress.org/bae#FAIR_0000016","propLabel":"host","propAbbrev":"bae:FAIR_0000016","valueURI":"http://www.bioassayontology.org/bat#NotApplicable","valueLabel":"not applicable","valueAbbrev":"bat:NotApplicable","valueDescr":"This property does not apply to this assay.","groupNest":["http://www.bioassayexpress.org/bae#FAIR_0000003"],"groupLabel":["biosample details"],"valueHier":["http://www.bioassayontology.org/bat#Absence"],"labelHier":["absence"]},{"propURI":"http://www.bioassayexpress.org/bae#FAIR_0000017","propLabel":"age","propAbbrev":"bae:FAIR_0000017","valueURI":"http://www.bioassayontology.org/bat#NotApplicable","valueLabel":"not applicable","valueAbbrev":"bat:NotApplicable","valueDescr":"This property does not apply to this assay.","groupNest":["http://www.bioassayexpress.org/bae#FAIR_0000003"],"groupLabel":["biosample details"],"valueHier":["http://www.bioassayontology.org/bat#Absence"],"labelHier":["absence"]},{"propURI":"http://www.bioassayexpress.org/bae#FAIR_0000018","propLabel":"sex","propAbbrev":"bae:FAIR_0000018","valueURI":"http://www.bioassayexpress.org/bae#FAIR_0001271","valueLabel":"female","valueAbbrev":"bae:FAIR_0001271","valueDescr":"","groupNest":["http://www.bioassayexpress.org/bae#FAIR_0000003"],"groupLabel":["biosample details"],"valueHier":["http://www.bioassayexpress.org/bae#FAIR_0001269"],"labelHier":["sex"]},{"propURI":"http://www.bioassayexpress.org/bae#FAIR_0000019","propLabel":"developmental stage","propAbbrev":"bae:FAIR_0000019","valueURI":"http://purl.obolibrary.org/obo/XAO_1000087","valueLabel":"oocyte stage V","valueAbbrev":"obo:XAO_1000087","valueDescr":"The late-vitellogenic stage of the developing female gamete.","groupNest":["http://www.bioassayexpress.org/bae#FAIR_0000003"],"groupLabel":["biosample details"],"valueHier":["http://purl.obolibrary.org/obo/XAO_1000082","http://purl.obolibrary.org/obo/XAO_1000000"],"labelHier":["unfertilized egg stage","Xenopus developmental stage"]},{"propURI":"http://www.bioassayexpress.org/bae#FAIR_0000019","propLabel":"developmental stage","propAbbrev":"bae:FAIR_0000019","valueURI":"http://purl.obolibrary.org/obo/XAO_1000088","valueLabel":"oocyte stage VI","valueAbbrev":"obo:XAO_1000088","valueDescr":"The developmental stage of the female gamete at which the gamete is fully grown.","groupNest":["http://www.bioassayexpress.org/bae#FAIR_0000003"],"groupLabel":["biosample details"],"valueHier":["http://purl.obolibrary.org/obo/XAO_1000082","http://purl.obolibrary.org/obo/XAO_1000000"],"labelHier":["unfertilized egg stage","Xenopus developmental stage"]},{"propURI":"http://www.bioassayexpress.org/bae#FAIR_0000020","propLabel":"tissue","propAbbrev":"bae:FAIR_0000020","valueURI":"http://www.bioassayontology.org/bat#NotApplicable","valueLabel":"not applicable","valueAbbrev":"bat:NotApplicable","valueDescr":"This property does not apply to this assay.","groupNest":["http://www.bioassayexpress.org/bae#FAIR_0000003"],"groupLabel":["biosample details"],"valueHier":["http://www.bioassayontology.org/bat#Absence"],"labelHier":["absence"]},{"propURI":"http://www.bioassayontology.org/bao#BAO_0002800","propLabel":"assay cell line","propAbbrev":"bao:BAO_0002800","valueURI":"http://purl.obolibrary.org/obo/BTO_0000964","valueLabel":"oocyte","valueAbbrev":"obo:BTO_0000964","valueDescr":"The immature reproductive cell prior to fertilization; it is derived from an oogonium, and is called a primary oocyte prior to completion of the first maturation division, and a secondary oocyte between the first and second maturation division.","groupNest":["http://www.bioassayexpress.org/bae#FAIR_0000003"],"groupLabel":["biosample details"],"valueHier":["http://dto.org/DTO/DTO_000"],"labelHier":["BRENDA tissues and cell lines"]},{"propURI":"http://www.bioassayontology.org/bao#BAO_0002848","propLabel":"disease","propAbbrev":"bao:BAO_0002848","valueURI":"http://www.bioassayontology.org/bat#NotApplicable","valueLabel":"not applicable","valueAbbrev":"bat:NotApplicable","valueDescr":"This property does not apply to this assay.","groupNest":["http://www.bioassayexpress.org/bae#FAIR_0000003"],"groupLabel":["biosample details"],"valueHier":["http://www.bioassayontology.org/bat#Absence"],"labelHier":["absence"]},{"propURI":"http://www.bioassayexpress.org/bae#FAIR_0000021","propLabel":"phenotype","propAbbrev":"bae:FAIR_0000021","valueURI":"http://www.bioassayexpress.com/bao_provisional#FAIR_0000151","valueLabel":"wild type","valueAbbrev":"user:FAIR_0000151","valueDescr":"","groupNest":["http://www.bioassayexpress.org/bae#FAIR_0000003"],"groupLabel":["biosample details"],"valueHier":["http://www.bioassayexpress.org/bae#FAIR_0001273"],"labelHier":["phenotype"]},{"propURI":"http://www.bioassayexpress.org/bae#FAIR_0000010","valueLabel":"SRX2240152","propAbbrev":"bae:FAIR_0000010","groupNest":["http://www.bioassayexpress.org/bae#FAIR_0000002"],"propLabel":"sample ID","groupLabel":["biosample package"]}],"pubchemXRef":[],"curationTime":1555098366433,"curatorID":"trusted:anyone","history":[{"curationTime":1555098366433,"curatorID":"trusted:anyone","uniqueIDPatch":"@@ -1,21 +0,0 @@\n-pubmedCentral:5344684\n","textPatch":"@@ -1,1205 +0,0 @@\n-Gene Resistance to Transcriptional Reprogramming following Nuclear Transfer Is Directly Mediated by Multiple Chromatin-Repressive Pathways%0A%0ASummary%0AUnderstanding the mechanism of resistance of genes to reactivation will help improve the success of nuclear reprogramming. Using mouse embryonic fibroblast nuclei with normal or reduced DNA methylation in combination with chromatin modifiers able to erase H3K9me3, H3K27me3, and H2AK119ub1 from transplanted nuclei, we reveal the basis for resistance of genes to transcriptional reprogramming by oocyte factors. A majority of genes is affected by more than one type of treatment, suggesting that resistance can require repression through multiple epigenetic mechanisms. We classify resistant genes according to their sensitivity to 11 chromatin modifier combinations, revealing the existence of synergistic as well as adverse effects of chromatin modifiers on removal of resistance. We further demonstrate that the chromatin modifier USP21 reduces resistance through its H2AK119 deubiquitylation activity. Finally, we provide evidence that H2A ubiquitylation also contributes to resistance to transcriptional reprogramming in mouse nuclear transfer embryos.\n","annotsAdded":[{"propURI":"http://www.bioassayexpress.org/bae#FAIR_0000008","propLabel":"layout","propAbbrev":"bae:FAIR_0000008","valueURI":"http://www.bioassayexpress.org/bae#FAIR_0001080","valueLabel":"single","valueAbbrev":"bae:FAIR_0001080","valueDescr":"","groupNest":["http://www.bioassayexpress.org/bae#FAIR_0000001"],"groupLabel":["library"],"valueHier":["http://www.bioassayexpress.org/bae#FAIR_0001078"],"labelHier":["library layout"]},{"propURI":"http://www.bioassayexpress.org/bae#FAIR_0000006","propLabel":"source","propAbbrev":"bae:FAIR_0000006","valueURI":"http://www.bioassayexpress.org/bae#FAIR_0001037","valueLabel":"transcriptomic","valueAbbrev":"bae:FAIR_0001037","valueDescr":"Transcription products or non genomic DNA (EST, cDNA, RT-PCR, screened libraries)","groupNest":["http://www.bioassayexpress.org/bae#FAIR_0000001"],"groupLabel":["library"],"valueHier":["http://www.bioassayexpress.org/bae#FAIR_0001035"],"labelHier":["library source"]},{"propURI":"http://www.bioassayontology.org/bao#BAO_0002865","propLabel":"instrument platform","propAbbrev":"bao:BAO_0002865","valueURI":"http://www.bioassayexpress.org/bae#FAIR_0001106","valueLabel":"Illumina HiSeq 2000","valueAbbrev":"bae:FAIR_0001106","valueDescr":"","groupNest":["http://www.bioassayexpress.org/bae#FAIR_0000001"],"groupLabel":["library"],"valueHier":["http://www.bioassayexpress.org/bae#FAIR_0001097","http://www.bioassayontology.org/bao#BAO_0000697"],"labelHier":["Illumina","detection instrument"]},{"propURI":"http://www.bioassayexpress.org/bae#FAIR_0000014","propLabel":"geographic origin","propAbbrev":"bae:FAIR_0000014","valueURI":"http://www.bioassayontology.org/bat#Unknown","valueLabel":"unknown","valueAbbrev":"bat:Unknown","valueDescr":"There should be a term assigned to this property but the value was not specified in the source information.","groupNest":["http://www.bioassayexpress.org/bae#FAIR_0000003"],"groupLabel":["biosample details"],"valueHier":["http://www.bioassayontology.org/bat#Absence"],"labelHier":["absence"]},{"propURI":"http://www.bioassayexpress.org/bae#FAIR_0000020","propLabel":"tissue","propAbbrev":"bae:FAIR_0000020","valueURI":"http://www.bioassayontology.org/bat#NotApplicable","valueLabel":"not applicable","valueAbbrev":"bat:NotApplicable","valueDescr":"This property does not apply to this assay.","groupNest":["http://www.bioassayexpress.org/bae#FAIR_0000003"],"groupLabel":["biosample details"],"valueHier":["http://www.bioassayontology.org/bat#Absence"],"labelHier":["absence"]},{"propURI":"http://www.bioassayexpress.org/bae#FAIR_0000016","propLabel":"host","propAbbrev":"bae:FAIR_0000016","valueURI":"http://www.bioassayontology.org/bat#NotApplicable","valueLabel":"not applicable","valueAbbrev":"bat:NotApplicable","valueDescr":"This property does not apply to this assay.","groupNest":["http://www.bioassayexpress.org/bae#FAIR_0000003"],"groupLabel":["biosample details"],"valueHier":["http://www.bioassayontology.org/bat#Absence"],"labelHier":["absence"]},{"propURI":"http://www.bioassayontology.org/bao#BAO_0002848","propLabel":"disease","propAbbrev":"bao:BAO_0002848","valueURI":"http://www.bioassayontology.org/bat#NotApplicable","valueLabel":"not applicable","valueAbbrev":"bat:NotApplicable","valueDescr":"This property does not apply to this assay.","groupNest":["http://www.bioassayexpress.org/bae#FAIR_0000003"],"groupLabel":["biosample details"],"valueHier":["http://www.bioassayontology.org/bat#Absence"],"labelHier":["absence"]},{"propURI":"http://www.bioassayexpress.org/bae#FAIR_0000007","propLabel":"selection","propAbbrev":"bae:FAIR_0000007","valueURI":"http://www.bioassayexpress.org/bae#FAIR_0001057","valueLabel":"cDNA","valueAbbrev":"bae:FAIR_0001057","valueDescr":"Complementary DNA","groupNest":["http://www.bioassayexpress.org/bae#FAIR_0000001"],"groupLabel":["library"],"valueHier":["http://www.bioassayexpress.org/bae#FAIR_0001044"],"labelHier":["library selection"]},{"propURI":"http://www.bioassayexpress.org/bae#FAIR_0000018","propLabel":"sex","propAbbrev":"bae:FAIR_0000018","valueURI":"http://www.bioassayexpress.org/bae#FAIR_0001271","valueLabel":"female","valueAbbrev":"bae:FAIR_0001271","valueDescr":"","groupNest":["http://www.bioassayexpress.org/bae#FAIR_0000003"],"groupLabel":["biosample details"],"valueHier":["http://www.bioassayexpress.org/bae#FAIR_0001269"],"labelHier":["sex"]},{"propURI":"http://www.bioassayexpress.org/bae#FAIR_0000005","propLabel":"construction kit","propAbbrev":"bae:FAIR_0000005","valueURI":"http://www.bioassayexpress.com/bao_provisional#FAIR_0000149","valueLabel":"Illumina TruSeq RNA Sample prep kit","valueAbbrev":"user:FAIR_0000149","valueDescr":"","groupNest":["http://www.bioassayexpress.org/bae#FAIR_0000001"],"groupLabel":["library"],"valueHier":["http://www.bioassayexpress.org/bae#FAIR_0001264"],"labelHier":["construction kit"]},{"propURI":"http://www.bioassayontology.org/bao#BAO_0000205","propLabel":"format","propAbbrev":"bao:BAO_0000205","valueURI":"http://www.bioassayontology.org/bao#BAO_0000219","valueLabel":"cell based format","valueAbbrev":"bao:BAO_0000219","valueDescr":"Involves the use of living cells of eukaryotic origin, derived from a multicellular organism, and is a heterogeneous assay type. Typically, this refers to permanent (immortal) cell lines, or primary cells, or some form of stem cells. This is distinct from a single-celled organism-based format (classically bacteria or yeast).","groupNest":["http://www.bioassayexpress.org/bae#FAIR_0000002"],"groupLabel":["biosample package"],"valueHier":["http://www.bioassayontology.org/bao#BAO_0000019"],"labelHier":["assay format"]},{"propURI":"http://www.bioassayexpress.org/bae#FAIR_0000017","propLabel":"age","propAbbrev":"bae:FAIR_0000017","valueURI":"http://www.bioassayontology.org/bat#NotApplicable","valueLabel":"not applicable","valueAbbrev":"bat:NotApplicable","valueDescr":"This property does not apply to this assay.","groupNest":["http://www.bioassayexpress.org/bae#FAIR_0000003"],"groupLabel":["biosample details"],"valueHier":["http://www.bioassayontology.org/bat#Absence"],"labelHier":["absence"]},{"propURI":"http://www.bioassayexpress.org/bae#FAIR_0000019","propLabel":"developmental stage","propAbbrev":"bae:FAIR_0000019","valueURI":"http://purl.obolibrary.org/obo/XAO_1000088","valueLabel":"oocyte stage VI","valueAbbrev":"obo:XAO_1000088","valueDescr":"The developmental stage of the female gamete at which the gamete is fully grown.","groupNest":["http://www.bioassayexpress.org/bae#FAIR_0000003"],"groupLabel":["biosample details"],"valueHier":["http://purl.obolibrary.org/obo/XAO_1000082","http://purl.obolibrary.org/obo/XAO_1000000"],"labelHier":["unfertilized egg stage","Xenopus developmental stage"]},{"propURI":"http://www.bioassayexpress.org/bae#FAIR_0000019","propLabel":"developmental stage","propAbbrev":"bae:FAIR_0000019","valueURI":"http://purl.obolibrary.org/obo/XAO_1000087","valueLabel":"oocyte stage V","valueAbbrev":"obo:XAO_1000087","valueDescr":"The late-vitellogenic stage of the developing female gamete.","groupNest":["http://www.bioassayexpress.org/bae#FAIR_0000003"],"groupLabel":["biosample details"],"valueHier":["http://purl.obolibrary.org/obo/XAO_1000082","http://purl.obolibrary.org/obo/XAO_1000000"],"labelHier":["unfertilized egg stage","Xenopus developmental stage"]},{"propURI":"http://www.bioassayexpress.org/bae#FAIR_0000021","propLabel":"phenotype","propAbbrev":"bae:FAIR_0000021","valueURI":"http://www.bioassayexpress.com/bao_provisional#FAIR_0000151","valueLabel":"wild type","valueAbbrev":"user:FAIR_0000151","valueDescr":"","groupNest":["http://www.bioassayexpress.org/bae#FAIR_0000003"],"groupLabel":["biosample details"],"valueHier":["http://www.bioassayexpress.org/bae#FAIR_0001273"],"labelHier":["phenotype"]},{"propURI":"http://www.bioassayexpress.org/bae#FAIR_0000013","propLabel":"biomaterial provider","propAbbrev":"bae:FAIR_0000013","valueURI":"http://www.bioassayexpress.com/bao_provisional#FAIR_0000150","valueLabel":"Nasco","valueAbbrev":"user:FAIR_0000150","valueDescr":"","groupNest":["http://www.bioassayexpress.org/bae#FAIR_0000002"],"groupLabel":["biosample package"],"valueHier":["http://www.bioassayexpress.org/bae#FAIR_0001265"],"labelHier":["biomaterial provider"]},{"propURI":"http://www.bioassayontology.org/bao#BAO_0002800","propLabel":"assay cell line","propAbbrev":"bao:BAO_0002800","valueURI":"http://purl.obolibrary.org/obo/BTO_0000964","valueLabel":"oocyte","valueAbbrev":"obo:BTO_0000964","valueDescr":"The immature reproductive cell prior to fertilization; it is derived from an oogonium, and is called a primary oocyte prior to completion of the first maturation division, and a secondary oocyte between the first and second maturation division.","groupNest":["http://www.bioassayexpress.org/bae#FAIR_0000003"],"groupLabel":["biosample details"],"valueHier":["http://dto.org/DTO/DTO_000"],"labelHier":["BRENDA tissues and cell lines"]},{"propURI":"http://www.bioassayexpress.org/bae#FAIR_0000012","propLabel":"type","propAbbrev":"bae:FAIR_0000012","valueURI":"http://www.bioassayexpress.org/bae#FAIR_0001159","valueLabel":"model organism/animal","valueAbbrev":"bae:FAIR_0001159","valueDescr":"","groupNest":["http://www.bioassayexpress.org/bae#FAIR_0000002"],"groupLabel":["biosample package"],"valueHier":["http://www.bioassayexpress.org/bae#FAIR_0001157"],"labelHier":["biosample type"]},{"propURI":"http://www.bioassayontology.org/bao#BAO_0002921","propLabel":"organism","propAbbrev":"bao:BAO_0002921","valueURI":"http://purl.obolibrary.org/obo/NCBITaxon_8355","valueLabel":"Xenopus laevis","valueAbbrev":"obo:NCBITaxon_8355","valueDescr":"","groupNest":["http://www.bioassayexpress.org/bae#FAIR_0000003"],"groupLabel":["biosample details"],"altLabels":["platanna","clawed frog","Bufo laevis","Xenopus leavis","common platanna","African clawed frog"],"valueHier":["http://www.bioassayontology.org/bao#BAO_0000518","http://www.bioassayontology.org/bao#BAO_0000510","http://www.bioassayontology.org/bao#BAO_0000659","http://www.bioassayontology.org/bao#BAO_0000509","http://www.bioassayontology.org/bao#BAO_0000658","http://www.bioassayontology.org/bao#BAO_0000551"],"labelHier":["non-mammalian","vertebrate","metazoa","eukaryote","cellular organisms","organism"]},{"propURI":"http://www.bioassayexpress.org/bae#FAIR_0000004","propLabel":"strategy","propAbbrev":"bae:FAIR_0000004","valueURI":"http://www.bioassayexpress.org/bae#FAIR_0001005","valueLabel":"RNA-Seq","valueAbbrev":"bae:FAIR_0001005","valueDescr":"Random sequencing of whole transcriptome","groupNest":["http://www.bioassayexpress.org/bae#FAIR_0000001"],"groupLabel":["library"],"valueHier":["http://www.bioassayexpress.org/bae#FAIR_0001001"],"labelHier":["strategy"]},{"propURI":"http://www.bioassayexpress.org/bae#FAIR_0000015","propLabel":"strain/isolate","propAbbrev":"bae:FAIR_0000015","valueURI":"http://www.bioassayontology.org/bat#Unknown","valueLabel":"unknown","valueAbbrev":"bat:Unknown","valueDescr":"There should be a term assigned to this property but the value was not specified in the source information.","groupNest":["http://www.bioassayexpress.org/bae#FAIR_0000003"],"groupLabel":["biosample details"],"valueHier":["http://www.bioassayontology.org/bat#Absence"],"labelHier":["absence"]}],"annotsRemoved":[],"labelsAdded":[{"propURI":"http://www.bioassayexpress.org/bae#FAIR_0000010","valueLabel":"SRX2240152","propAbbrev":"bae:FAIR_0000010","groupNest":["http://www.bioassayexpress.org/bae#FAIR_0000002"],"propLabel":"sample ID","groupLabel":["biosample package"]}],"labelsRemoved":[],"notesModified":{}}],"holdingIDList":[]}