{"assayID":46,"uniqueID":"pubmedCentral:6385318","text":"STAT1 signaling shields T cells from NK cell-mediated cytotoxicity","notes":{},"schemaURI":"http://www.bioassayontology.org/bas/NextGenSeq#","annotations":[],"pubchemXRef":[],"curationTime":1555106410429,"curatorID":"trusted:anyone","history":[{"curationTime":1555106410429,"curatorID":"trusted:anyone","uniqueIDPatch":"@@ -1,21 +0,0 @@\n-pubmedCentral:6385318\n","textPatch":"@@ -1,66 +0,0 @@\n-STAT1 signaling shields T cells from NK cell-mediated cytotoxicity\n","annotsAdded":[],"annotsRemoved":[],"labelsAdded":[],"labelsRemoved":[],"notesModified":{}}],"holdingIDList":[]}