{"assayID":58,"uniqueID":"pubmedCentral:6336817","text":"ONECUT2 is a driver of neuroendocrine prostate cancer","notes":{},"schemaURI":"http://www.bioassayontology.org/bas/NextGenSeq#","annotations":[],"pubchemXRef":[],"curationTime":1555106670320,"curatorID":"trusted:anyone","history":[{"curationTime":1555106670320,"curatorID":"trusted:anyone","uniqueIDPatch":"@@ -1,21 +0,0 @@\n-pubmedCentral:6336817\n","textPatch":"@@ -1,53 +0,0 @@\n-ONECUT2 is a driver of neuroendocrine prostate cancer\n","annotsAdded":[],"annotsRemoved":[],"labelsAdded":[],"labelsRemoved":[],"notesModified":{}}],"holdingIDList":[]}