{"assayID":8,"uniqueID":"pubmedCentral:4691242","text":"Mother Centriole Distal Appendages Mediate Centrosome Docking at the Immunological Synapse and Reveal Mechanistic Parallels with Ciliogenesis\n\nSummary\nCytotoxic T lymphocytes (CTLs) are highly effective serial killers capable of destroying virally infected and cancerous targets by polarized release from secretory lysosomes. Upon target contact, the CTL centrosome rapidly moves to the immunological synapse, focusing microtubule-directed release at this point [1, 2, 3]. Striking similarities have been noted between centrosome polarization at the synapse and basal body docking during ciliogenesis [1, 4, 5, 6, 7, 8], suggesting that CTL centrosomes might dock with the plasma membrane during killing, in a manner analogous to primary cilia formation [1, 4]. However, questions remain regarding the extent and function of centrosome polarization at the synapse, and recent reports have challenged its role [9, 10]. Here, we use high-resolution transmission electron microscopy (TEM) tomography analysis to show that, as in ciliogenesis, the distal appendages of the CTL mother centriole contact the plasma membrane directly during synapse formation. This is functionally important as small interfering RNA (siRNA) targeting of the distal appendage protein, Cep83, required for membrane contact during ciliogenesis [11], impairs CTL secretion. Furthermore, the regulatory proteins CP110 and Cep97, which must dissociate from the mother centriole to allow cilia formation [12], remain associated with the mother centriole in CTLs, and neither axoneme nor transition zone ciliary structures form. Moreover, complete centrosome docking can occur in proliferating CTLs with multiple centriole pairs. Thus, in CTLs, centrosomes dock transiently with the membrane, within the cell cycle and without progression into ciliogenesis. We propose that this transient centrosome docking without cilia formation is important for CTLs to deliver rapid, repeated polarized secretion directed by the centrosome.\n\nxperimental Procedures\nCell Preparation and Culture\nBreeding of genetically modified mice used in this study were licensed by the appropriate UK regulatory authority (Animals, Scientific Procedures Act, 1986), under project license PPL 80/2415, and were approved by the local ethics committee. CTLs from C57BL/6, OT1, and F5 mice, and P815 and EL4 target cells were cultured as in the Supplemental Experimental Procedures or described previously [26, 27].\n\nTEM and Tomography\nCTLs were prepared for TEM as described previously [26, 27]. Thin (50\u201370 nm) and semi-thin (100\u2013150 nm) sections were used for conventional TEM and thick (400\u2013500 nm) sections used for tomography (see the Supplemental Experimental Procedures).\n\nImmunofluorescence Microscopy\nCTLs and targets were conjugated and adhered to slides at 37°C for 20\u201330 min, processed, and imaged as in the Supplemental Experimental Procedures. Primary antibodies used were rabbit anti-Cep164 (Novus Biologicals), CP110 or Cep97 (Proteintech); rat anti-CD44 (BD Transduction Labs) or CD8 (YTS192; H Waldmann, Oxford University); and mouse anti-centrobin (Abcam), acetylated tubulin or gamma-tubulin (Sigma-Aldrich), centrin-3 (Novus Biologicals), Lck (Merck Millipore), or PKC-θ (BD Transduction Labs).\n\nRNAi, Degranulation, and Western Blotting\nNon-targeting siRNA and murine Cep83 siRNA were obtained from Dharmacon (ON-TARGET plus Smart pool L-063954 and L-045514). 5 × 106 CTLs were nucleofected with 3 μg of siRNA using Mouse T Nucleofector Kit (Amaxa) and X-001 program according to manufacturer\u2019s instructions. Knockdown efficiency and degranulation were assessed 24 hr post-nucleofection as described in the Supplemental Experimental Procedures.","notes":{},"schemaURI":"http://www.bioassayontology.org/bas/MIARE#","annotations":[{"propURI":"http://www.bioassayexpress.org/bae#FAIR_0000050","propLabel":"assay type","propAbbrev":"bae:FAIR_0000050","valueURI":"http://www.bioassayontology.org/bao#BAO_0000031","valueLabel":"primary assay","valueAbbrev":"bao:BAO_0000031","valueDescr":"The first assay performed in a in a screening campaign. The purpose of the primary assay is to identify hits, which are potentially biologically active chemical entities. Generally in this assay, the perturbagens are tested at a single concentration with only one measurement. It is followed by a confirmatory screen, which can be run at a single concentration with multiple replicates or as concentration-response assay.","groupNest":["http://www.bioassayexpress.org/bae#FAIR_0000042"],"groupLabel":["assay description"],"valueHier":["http://www.bioassayontology.org/bao#BAO_0000029"],"labelHier":["assay screening campaign stage"]},{"propURI":"http://www.bioassayexpress.org/bae#FAIR_0000051","propLabel":"target organism","propAbbrev":"bae:FAIR_0000051","valueURI":"http://purl.obolibrary.org/obo/NCBITaxon_10090","valueLabel":"Mus musculus","valueAbbrev":"obo:NCBITaxon_10090","valueDescr":"","groupNest":["http://www.bioassayexpress.org/bae#FAIR_0000042"],"groupLabel":["assay description"],"altLabels":["mouse","mice C57BL/6xCBA/CaJ hybrid","house mouse","Mus muscaris"],"valueHier":["http://www.bioassayontology.org/bao#BAO_0000362","http://www.bioassayontology.org/bao#BAO_0000510","http://www.bioassayontology.org/bao#BAO_0000659","http://www.bioassayontology.org/bao#BAO_0000509","http://www.bioassayontology.org/bao#BAO_0000658","http://www.bioassayontology.org/bao#BAO_0000551"],"labelHier":["mammalian","vertebrate","metazoa","eukaryote","cellular organisms","organism"]},{"propURI":"http://www.bioassayexpress.org/bae#FAIR_0000052","propLabel":"knockdown genes","propAbbrev":"bae:FAIR_0000052","valueURI":"http://www.bioassayexpress.com/bao_provisional#FAIR_0000318","valueLabel":"CEP83","valueAbbrev":"user:FAIR_0000318","valueDescr":"","groupNest":["http://www.bioassayexpress.org/bae#FAIR_0000042"],"groupLabel":["assay description"],"valueHier":["http://www.bioassayexpress.org/bae#FAIR_0001166"],"labelHier":["knockdown genes"]},{"propURI":"http://www.bioassayexpress.org/bae#FAIR_0000053","propLabel":"experimental description","propAbbrev":"bae:FAIR_0000053","valueURI":"http://www.bioassayexpress.com/bao_provisional#FAIR_0000054","valueLabel":"RNAi","valueAbbrev":"user:FAIR_0000054","valueDescr":"","groupNest":["http://www.bioassayexpress.org/bae#FAIR_0000042"],"groupLabel":["assay description"],"valueHier":["http://www.bioassayexpress.org/bae#FAIR_0001167"],"labelHier":["experimental description"]},{"propURI":"http://www.bioassayexpress.org/bae#FAIR_0000054","propLabel":"biological question","propAbbrev":"bae:FAIR_0000054","valueURI":"http://www.bioassayexpress.com/bao_provisional#FAIR_0000319","valueLabel":"centrosome polarization","valueAbbrev":"user:FAIR_0000319","valueDescr":"","groupNest":["http://www.bioassayexpress.org/bae#FAIR_0000043"],"groupLabel":["assay protocol"],"valueHier":["http://www.bioassayexpress.com/bao_provisional#FAIR_0000056","http://www.bioassayexpress.org/bae#FAIR_0001168"],"labelHier":["Mechanisms","biological question"]},{"propURI":"http://www.bioassayexpress.org/bae#FAIR_0000056","propLabel":"pre/post treatment","propAbbrev":"bae:FAIR_0000056","valueURI":"http://www.bioassayexpress.com/bao_provisional#FAIR_0000321","valueLabel":"stimulation","valueAbbrev":"user:FAIR_0000321","valueDescr":"","groupNest":["http://www.bioassayexpress.org/bae#FAIR_0000043"],"groupLabel":["assay protocol"],"valueHier":["http://www.bioassayexpress.com/bao_provisional#FAIR_0000231","http://www.bioassayexpress.org/bae#FAIR_0001170"],"labelHier":["specimen treatment","pre/post treatment"]},{"propURI":"http://www.bioassayexpress.org/bae#FAIR_0000055","propLabel":"protocol and design","propAbbrev":"bae:FAIR_0000055","valueURI":"http://www.bioassayexpress.com/bao_provisional#FAIR_0000322","valueLabel":"cytotoxic T lympohcytes (CTL)","valueAbbrev":"user:FAIR_0000322","valueDescr":"","groupNest":["http://www.bioassayexpress.org/bae#FAIR_0000043"],"groupLabel":["assay protocol"],"valueHier":["http://www.bioassayexpress.com/bao_provisional#FAIR_0000060","http://www.bioassayexpress.org/bae#FAIR_0001169"],"labelHier":["Cell Type","protocol and design"]},{"propURI":"http://www.bioassayexpress.org/bae#FAIR_0000057","propLabel":"biomaterial manipulations","propAbbrev":"bae:FAIR_0000057","valueURI":"http://www.bioassayontology.org/bat#Ambiguous","valueLabel":"ambiguous","valueAbbrev":"bat:Ambiguous","valueDescr":"The source information is ambiguous: there are multiple indeterminate possibilities.","groupNest":["http://www.bioassayexpress.org/bae#FAIR_0000043"],"groupLabel":["assay protocol"],"valueHier":["http://www.bioassayontology.org/bat#Absence"],"labelHier":["absence"]},{"propURI":"http://www.bioassayexpress.org/bae#FAIR_0000059","propLabel":"assay reagent","propAbbrev":"bae:FAIR_0000059","valueURI":"http://www.bioassayexpress.com/bao_provisional#FAIR_0000323","valueLabel":"Mouse T Nucleofector Kit","valueAbbrev":"user:FAIR_0000323","valueDescr":"","groupNest":["http://www.bioassayexpress.org/bae#FAIR_0000043"],"groupLabel":["assay protocol"],"valueHier":["http://www.bioassayexpress.org/bae#FAIR_0001173"],"labelHier":["assay reagent"]},{"propURI":"http://www.bioassayexpress.org/bae#FAIR_0000101","propLabel":"instrument","propAbbrev":"bae:FAIR_0000101","valueURI":"http://www.bioassayexpress.com/bao_provisional#FAIR_0000324","valueLabel":"ChemiDoc MP Imager","valueAbbrev":"user:FAIR_0000324","valueDescr":"","groupNest":["http://www.bioassayexpress.org/bae#FAIR_0000043"],"groupLabel":["assay protocol"],"valueHier":["http://www.bioassayexpress.org/bae#FAIR_0001174"],"labelHier":["instrument"]},{"propURI":"http://www.bioassayexpress.org/bae#FAIR_0000060","propLabel":"delivery","propAbbrev":"bae:FAIR_0000060","valueURI":"http://www.bioassayexpress.com/bao_provisional#FAIR_0000325","valueLabel":"Nucleofection","valueAbbrev":"user:FAIR_0000325","valueDescr":"","groupNest":["http://www.bioassayexpress.org/bae#FAIR_0000044"],"groupLabel":["delivery"],"valueHier":["http://www.bioassayexpress.org/bae#FAIR_0001175"],"labelHier":["delivery"]},{"propURI":"http://www.bioassayexpress.org/bae#FAIR_0000061","propLabel":"cell confluence","propAbbrev":"bae:FAIR_0000061","valueURI":"http://www.bioassayontology.org/bat#Ambiguous","valueLabel":"ambiguous","valueAbbrev":"bat:Ambiguous","valueDescr":"The source information is ambiguous: there are multiple indeterminate possibilities.","groupNest":["http://www.bioassayexpress.org/bae#FAIR_0000044"],"groupLabel":["delivery"],"valueHier":["http://www.bioassayontology.org/bat#Absence"],"labelHier":["absence"]},{"propURI":"http://www.bioassayexpress.org/bae#FAIR_0000062","propLabel":"complexing protocol","propAbbrev":"bae:FAIR_0000062","valueURI":"http://www.bioassayontology.org/bat#Unknown","valueLabel":"unknown","valueAbbrev":"bat:Unknown","valueDescr":"There should be a term assigned to this property but the value was not specified in the source information.","groupNest":["http://www.bioassayexpress.org/bae#FAIR_0000044"],"groupLabel":["delivery"],"valueHier":["http://www.bioassayontology.org/bat#Absence"],"labelHier":["absence"]},{"propURI":"http://www.bioassayexpress.org/bae#FAIR_0000063","propLabel":"reagent","propAbbrev":"bae:FAIR_0000063","valueURI":"http://www.bioassayexpress.com/bao_provisional#FAIR_0000326","valueLabel":"Mouse T Nucleofector Kit","valueAbbrev":"user:FAIR_0000326","valueDescr":"","groupNest":["http://www.bioassayexpress.org/bae#FAIR_0000044"],"groupLabel":["delivery"],"valueHier":["http://www.bioassayexpress.org/bae#FAIR_0001178"],"labelHier":["reagent"]},{"propURI":"http://www.bioassayexpress.org/bae#FAIR_0000064","propLabel":"final concentration","propAbbrev":"bae:FAIR_0000064","valueURI":"http://www.bioassayontology.org/bat#Ambiguous","valueLabel":"ambiguous","valueAbbrev":"bat:Ambiguous","valueDescr":"The source information is ambiguous: there are multiple indeterminate possibilities.","groupNest":["http://www.bioassayexpress.org/bae#FAIR_0000044"],"groupLabel":["delivery"],"valueHier":["http://www.bioassayontology.org/bat#Absence"],"labelHier":["absence"]},{"propURI":"http://www.bioassayexpress.org/bae#FAIR_0000065","propLabel":"reagent ID","propAbbrev":"bae:FAIR_0000065","valueURI":"http://www.bioassayontology.org/bat#Unknown","valueLabel":"unknown","valueAbbrev":"bat:Unknown","valueDescr":"There should be a term assigned to this property but the value was not specified in the source information.","groupNest":["http://www.bioassayexpress.org/bae#FAIR_0000045"],"groupLabel":["silencing RNA reagent"],"valueHier":["http://www.bioassayontology.org/bat#Absence"],"labelHier":["absence"]},{"propURI":"http://www.bioassayexpress.org/bae#FAIR_0000067","propLabel":"target gene ID","propAbbrev":"bae:FAIR_0000067","valueURI":"http://www.bioassayontology.org/bat#Ambiguous","valueLabel":"ambiguous","valueAbbrev":"bat:Ambiguous","valueDescr":"The source information is ambiguous: there are multiple indeterminate possibilities.","groupNest":["http://www.bioassayexpress.org/bae#FAIR_0000045"],"groupLabel":["silencing RNA reagent"],"valueHier":["http://www.bioassayontology.org/bat#Absence"],"labelHier":["absence"]},{"propURI":"http://www.bioassayexpress.org/bae#FAIR_0000068","propLabel":"taxonomy ID","propAbbrev":"bae:FAIR_0000068","valueURI":"http://www.bioassayontology.org/bat#Ambiguous","valueLabel":"ambiguous","valueAbbrev":"bat:Ambiguous","valueDescr":"The source information is ambiguous: there are multiple indeterminate possibilities.","groupNest":["http://www.bioassayexpress.org/bae#FAIR_0000045"],"groupLabel":["silencing RNA reagent"],"valueHier":["http://www.bioassayontology.org/bat#Absence"],"labelHier":["absence"]},{"propURI":"http://www.bioassayexpress.org/bae#FAIR_0000069","propLabel":"plate information","propAbbrev":"bae:FAIR_0000069","valueURI":"http://www.bioassayexpress.com/bao_provisional#FAIR_0000327","valueLabel":"96-well","valueAbbrev":"user:FAIR_0000327","valueDescr":"","groupNest":["http://www.bioassayexpress.org/bae#FAIR_0000046"],"groupLabel":["assay plate description"],"valueHier":["http://www.bioassayexpress.org/bae#FAIR_0001180"],"labelHier":["plate information"]},{"propURI":"http://www.bioassayexpress.org/bae#FAIR_0000070","propLabel":"media changes","propAbbrev":"bae:FAIR_0000070","valueURI":"http://www.bioassayontology.org/bat#Unknown","valueLabel":"unknown","valueAbbrev":"bat:Unknown","valueDescr":"There should be a term assigned to this property but the value was not specified in the source information.","groupNest":["http://www.bioassayexpress.org/bae#FAIR_0000046"],"groupLabel":["assay plate description"],"valueHier":["http://www.bioassayontology.org/bat#Absence"],"labelHier":["absence"]},{"propURI":"http://www.bioassayexpress.org/bae#FAIR_0000071","propLabel":"data analysis","propAbbrev":"bae:FAIR_0000071","valueURI":"http://www.bioassayexpress.com/bao_provisional#FAIR_0000328","valueLabel":"percent degranulation","valueAbbrev":"user:FAIR_0000328","valueDescr":"","groupNest":["http://www.bioassayexpress.org/bae#FAIR_0000047"],"groupLabel":["results"],"valueHier":["http://www.bioassayexpress.org/bae#FAIR_0001182"],"labelHier":["data analysis"]},{"propURI":"http://www.bioassayexpress.org/bae#FAIR_0000072","propLabel":"bioactivity outcome","propAbbrev":"bae:FAIR_0000072","valueURI":"http://www.bioassayontology.org/bat#Ambiguous","valueLabel":"ambiguous","valueAbbrev":"bat:Ambiguous","valueDescr":"The source information is ambiguous: there are multiple indeterminate possibilities.","groupNest":["http://www.bioassayexpress.org/bae#FAIR_0000047"],"groupLabel":["results"],"valueHier":["http://www.bioassayontology.org/bat#Absence"],"labelHier":["absence"]},{"propURI":"http://www.bioassayexpress.org/bae#FAIR_0000073","propLabel":"artefacts","propAbbrev":"bae:FAIR_0000073","valueURI":"http://www.bioassayontology.org/bat#Unknown","valueLabel":"unknown","valueAbbrev":"bat:Unknown","valueDescr":"There should be a term assigned to this property but the value was not specified in the source information.","groupNest":["http://www.bioassayexpress.org/bae#FAIR_0000047"],"groupLabel":["results"],"valueHier":["http://www.bioassayontology.org/bat#Absence"],"labelHier":["absence"]},{"propURI":"http://www.bioassayexpress.org/bae#FAIR_0000074","propLabel":"data filtering","propAbbrev":"bae:FAIR_0000074","valueURI":"http://www.bioassayontology.org/bat#Unknown","valueLabel":"unknown","valueAbbrev":"bat:Unknown","valueDescr":"There should be a term assigned to this property but the value was not specified in the source information.","groupNest":["http://www.bioassayexpress.org/bae#FAIR_0000047"],"groupLabel":["results"],"valueHier":["http://www.bioassayontology.org/bat#Absence"],"labelHier":["absence"]},{"propURI":"http://www.bioassayexpress.org/bae#FAIR_0000075","propLabel":"analysis software","propAbbrev":"bae:FAIR_0000075","valueURI":"http://www.bioassayontology.org/bat#NotApplicable","valueLabel":"not applicable","valueAbbrev":"bat:NotApplicable","valueDescr":"This property does not apply to this assay.","groupNest":["http://www.bioassayexpress.org/bae#FAIR_0000047"],"groupLabel":["results"],"valueHier":["http://www.bioassayontology.org/bat#Absence"],"labelHier":["absence"]},{"propURI":"http://www.bioassayexpress.org/bae#FAIR_0000049","valueLabel":"Mother Centriole Distal Appendages Mediate Centrosome Docking at the Immunological Synapse and Reveal Mechanistic Parallels with Ciliogenesis","propAbbrev":"bae:FAIR_0000049","groupNest":["http://www.bioassayexpress.org/bae#FAIR_0000042"],"propLabel":"assay identifier","groupLabel":["assay description"]},{"propURI":"http://www.bioassayexpress.org/bae#FAIR_0000058","valueLabel":"5E6","propAbbrev":"bae:FAIR_0000058","groupNest":["http://www.bioassayexpress.org/bae#FAIR_0000043"],"propLabel":"cells per well","groupLabel":["assay protocol"]},{"propURI":"http://www.bioassayexpress.org/bae#FAIR_0000066","valueLabel":"L-063954","propAbbrev":"bae:FAIR_0000066","groupNest":["http://www.bioassayexpress.org/bae#FAIR_0000045"],"propLabel":"probe ID","groupLabel":["silencing RNA reagent"]},{"propURI":"http://www.bioassayexpress.org/bae#FAIR_0000066","valueLabel":"L-045514","propAbbrev":"bae:FAIR_0000066","groupNest":["http://www.bioassayexpress.org/bae#FAIR_0000045"],"propLabel":"probe ID","groupLabel":["silencing RNA reagent"]}],"pubchemXRef":[],"curationTime":1555384527647,"curatorID":"trusted:anyone","history":[{"curationTime":1554950231009,"curatorID":"trusted:anyone","uniqueIDPatch":"@@ -1,21 +0,0 @@\n-pubmedCentral:4691242\n","textPatch":"@@ -1,3705 +0,0 @@\n-Mother Centriole Distal Appendages Mediate Centrosome Docking at the Immunological Synapse and Reveal Mechanistic Parallels with Ciliogenesis%0A%0ASummary%0ACytotoxic T lymphocytes (CTLs) are highly effective serial killers capable of destroying virally infected and cancerous targets by polarized release from secretory lysosomes. Upon target contact, the CTL centrosome rapidly moves to the immunological synapse, focusing microtubule-directed release at this point %5B1, 2, 3%5D. Striking similarities have been noted between centrosome polarization at the synapse and basal body docking during ciliogenesis %5B1, 4, 5, 6, 7, 8%5D, suggesting that CTL centrosomes might dock with the plasma membrane during killing, in a manner analogous to primary cilia formation %5B1, 4%5D. However, questions remain regarding the extent and function of centrosome polarization at the synapse, and recent reports have challenged its role %5B9, 10%5D. Here, we use high-resolution transmission electron microscopy (TEM) tomography analysis to show that, as in ciliogenesis, the distal appendages of the CTL mother centriole contact the plasma membrane directly during synapse formation. This is functionally important as small interfering RNA (siRNA) targeting of the distal appendage protein, Cep83, required for membrane contact during ciliogenesis %5B11%5D, impairs CTL secretion. Furthermore, the regulatory proteins CP110 and Cep97, which must dissociate from the mother centriole to allow cilia formation %5B12%5D, remain associated with the mother centriole in CTLs, and neither axoneme nor transition zone ciliary structures form. Moreover, complete centrosome docking can occur in proliferating CTLs with multiple centriole pairs. Thus, in CTLs, centrosomes dock transiently with the membrane, within the cell cycle and without progression into ciliogenesis. We propose that this transient centrosome docking without cilia formation is important for CTLs to deliver rapid, repeated polarized secretion directed by the centrosome.%0A%0Axperimental Procedures%0ACell Preparation and Culture%0ABreeding of genetically modified mice used in this study were licensed by the appropriate UK regulatory authority (Animals, Scientific Procedures Act, 1986), under project license PPL 80/2415, and were approved by the local ethics committee. CTLs from C57BL/6, OT1, and F5 mice, and P815 and EL4 target cells were cultured as in the Supplemental Experimental Procedures or described previously %5B26, 27%5D.%0A%0ATEM and Tomography%0ACTLs were prepared for TEM as described previously %5B26, 27%5D. Thin (50%E2%80%9370 nm) and semi-thin (100%E2%80%93150 nm) sections were used for conventional TEM and thick (400%E2%80%93500 nm) sections used for tomography (see the Supplemental Experimental Procedures).%0A%0AImmunofluorescence Microscopy%0ACTLs and targets were conjugated and adhered to slides at 37%C2%B0C for 20%E2%80%9330 min, processed, and imaged as in the Supplemental Experimental Procedures. Primary antibodies used were rabbit anti-Cep164 (Novus Biologicals), CP110 or Cep97 (Proteintech); rat anti-CD44 (BD Transduction Labs) or CD8 (YTS192; H Waldmann, Oxford University); and mouse anti-centrobin (Abcam), acetylated tubulin or gamma-tubulin (Sigma-Aldrich), centrin-3 (Novus Biologicals), Lck (Merck Millipore), or PKC-%CE%B8 (BD Transduction Labs).%0A%0ARNAi, Degranulation, and Western Blotting%0ANon-targeting siRNA and murine Cep83 siRNA were obtained from Dharmacon (ON-TARGET plus Smart pool L-063954 and L-045514). 5 %C3%97 106 CTLs were nucleofected with 3 %CE%BCg of siRNA using Mouse T Nucleofector Kit (Amaxa) and X-001 program according to manufacturer%E2%80%99s instructions. Knockdown efficiency and degranulation were assessed 24 hr post-nucleofection as described in the Supplemental Experimental Procedures.\n","annotsAdded":[],"annotsRemoved":[],"labelsAdded":[],"labelsRemoved":[],"notesModified":{}},{"curationTime":1555384527647,"curatorID":"trusted:anyone","annotsAdded":[{"propURI":"http://www.bioassayexpress.org/bae#FAIR_0000101","propLabel":"instrument","propAbbrev":"bae:FAIR_0000101","valueURI":"http://www.bioassayexpress.com/bao_provisional#FAIR_0000324","valueLabel":"ChemiDoc MP Imager","valueAbbrev":"user:FAIR_0000324","valueDescr":"","groupNest":["http://www.bioassayexpress.org/bae#FAIR_0000043"],"groupLabel":["assay protocol"],"valueHier":["http://www.bioassayexpress.org/bae#FAIR_0001174"],"labelHier":["instrument"]},{"propURI":"http://www.bioassayexpress.org/bae#FAIR_0000063","propLabel":"reagent","propAbbrev":"bae:FAIR_0000063","valueURI":"http://www.bioassayexpress.com/bao_provisional#FAIR_0000326","valueLabel":"Mouse T Nucleofector Kit","valueAbbrev":"user:FAIR_0000326","valueDescr":"","groupNest":["http://www.bioassayexpress.org/bae#FAIR_0000044"],"groupLabel":["delivery"],"valueHier":["http://www.bioassayexpress.org/bae#FAIR_0001178"],"labelHier":["reagent"]},{"propURI":"http://www.bioassayexpress.org/bae#FAIR_0000053","propLabel":"experimental description","propAbbrev":"bae:FAIR_0000053","valueURI":"http://www.bioassayexpress.com/bao_provisional#FAIR_0000054","valueLabel":"RNAi","valueAbbrev":"user:FAIR_0000054","valueDescr":"","groupNest":["http://www.bioassayexpress.org/bae#FAIR_0000042"],"groupLabel":["assay description"],"valueHier":["http://www.bioassayexpress.org/bae#FAIR_0001167"],"labelHier":["experimental description"]},{"propURI":"http://www.bioassayexpress.org/bae#FAIR_0000055","propLabel":"protocol and design","propAbbrev":"bae:FAIR_0000055","valueURI":"http://www.bioassayexpress.com/bao_provisional#FAIR_0000322","valueLabel":"cytotoxic T lympohcytes (CTL)","valueAbbrev":"user:FAIR_0000322","valueDescr":"","groupNest":["http://www.bioassayexpress.org/bae#FAIR_0000043"],"groupLabel":["assay protocol"],"valueHier":["http://www.bioassayexpress.com/bao_provisional#FAIR_0000060","http://www.bioassayexpress.org/bae#FAIR_0001169"],"labelHier":["Cell Type","protocol and design"]},{"propURI":"http://www.bioassayexpress.org/bae#FAIR_0000064","propLabel":"final concentration","propAbbrev":"bae:FAIR_0000064","valueURI":"http://www.bioassayontology.org/bat#Ambiguous","valueLabel":"ambiguous","valueAbbrev":"bat:Ambiguous","valueDescr":"The source information is ambiguous: there are multiple indeterminate possibilities.","groupNest":["http://www.bioassayexpress.org/bae#FAIR_0000044"],"groupLabel":["delivery"],"valueHier":["http://www.bioassayontology.org/bat#Absence"],"labelHier":["absence"]},{"propURI":"http://www.bioassayexpress.org/bae#FAIR_0000071","propLabel":"data analysis","propAbbrev":"bae:FAIR_0000071","valueURI":"http://www.bioassayexpress.com/bao_provisional#FAIR_0000328","valueLabel":"percent degranulation","valueAbbrev":"user:FAIR_0000328","valueDescr":"","groupNest":["http://www.bioassayexpress.org/bae#FAIR_0000047"],"groupLabel":["results"],"valueHier":["http://www.bioassayexpress.org/bae#FAIR_0001182"],"labelHier":["data analysis"]},{"propURI":"http://www.bioassayexpress.org/bae#FAIR_0000067","propLabel":"target gene ID","propAbbrev":"bae:FAIR_0000067","valueURI":"http://www.bioassayontology.org/bat#Ambiguous","valueLabel":"ambiguous","valueAbbrev":"bat:Ambiguous","valueDescr":"The source information is ambiguous: there are multiple indeterminate possibilities.","groupNest":["http://www.bioassayexpress.org/bae#FAIR_0000045"],"groupLabel":["silencing RNA reagent"],"valueHier":["http://www.bioassayontology.org/bat#Absence"],"labelHier":["absence"]},{"propURI":"http://www.bioassayexpress.org/bae#FAIR_0000060","propLabel":"delivery","propAbbrev":"bae:FAIR_0000060","valueURI":"http://www.bioassayexpress.com/bao_provisional#FAIR_0000325","valueLabel":"Nucleofection","valueAbbrev":"user:FAIR_0000325","valueDescr":"","groupNest":["http://www.bioassayexpress.org/bae#FAIR_0000044"],"groupLabel":["delivery"],"valueHier":["http://www.bioassayexpress.org/bae#FAIR_0001175"],"labelHier":["delivery"]},{"propURI":"http://www.bioassayexpress.org/bae#FAIR_0000054","propLabel":"biological question","propAbbrev":"bae:FAIR_0000054","valueURI":"http://www.bioassayexpress.com/bao_provisional#FAIR_0000319","valueLabel":"centrosome polarization","valueAbbrev":"user:FAIR_0000319","valueDescr":"","groupNest":["http://www.bioassayexpress.org/bae#FAIR_0000043"],"groupLabel":["assay protocol"],"valueHier":["http://www.bioassayexpress.com/bao_provisional#FAIR_0000056","http://www.bioassayexpress.org/bae#FAIR_0001168"],"labelHier":["Mechanisms","biological question"]},{"propURI":"http://www.bioassayexpress.org/bae#FAIR_0000065","propLabel":"reagent ID","propAbbrev":"bae:FAIR_0000065","valueURI":"http://www.bioassayontology.org/bat#Unknown","valueLabel":"unknown","valueAbbrev":"bat:Unknown","valueDescr":"There should be a term assigned to this property but the value was not specified in the source information.","groupNest":["http://www.bioassayexpress.org/bae#FAIR_0000045"],"groupLabel":["silencing RNA reagent"],"valueHier":["http://www.bioassayontology.org/bat#Absence"],"labelHier":["absence"]},{"propURI":"http://www.bioassayexpress.org/bae#FAIR_0000068","propLabel":"taxonomy ID","propAbbrev":"bae:FAIR_0000068","valueURI":"http://www.bioassayontology.org/bat#Ambiguous","valueLabel":"ambiguous","valueAbbrev":"bat:Ambiguous","valueDescr":"The source information is ambiguous: there are multiple indeterminate possibilities.","groupNest":["http://www.bioassayexpress.org/bae#FAIR_0000045"],"groupLabel":["silencing RNA reagent"],"valueHier":["http://www.bioassayontology.org/bat#Absence"],"labelHier":["absence"]},{"propURI":"http://www.bioassayexpress.org/bae#FAIR_0000073","propLabel":"artefacts","propAbbrev":"bae:FAIR_0000073","valueURI":"http://www.bioassayontology.org/bat#Unknown","valueLabel":"unknown","valueAbbrev":"bat:Unknown","valueDescr":"There should be a term assigned to this property but the value was not specified in the source information.","groupNest":["http://www.bioassayexpress.org/bae#FAIR_0000047"],"groupLabel":["results"],"valueHier":["http://www.bioassayontology.org/bat#Absence"],"labelHier":["absence"]},{"propURI":"http://www.bioassayexpress.org/bae#FAIR_0000059","propLabel":"assay reagent","propAbbrev":"bae:FAIR_0000059","valueURI":"http://www.bioassayexpress.com/bao_provisional#FAIR_0000323","valueLabel":"Mouse T Nucleofector Kit","valueAbbrev":"user:FAIR_0000323","valueDescr":"","groupNest":["http://www.bioassayexpress.org/bae#FAIR_0000043"],"groupLabel":["assay protocol"],"valueHier":["http://www.bioassayexpress.org/bae#FAIR_0001173"],"labelHier":["assay reagent"]},{"propURI":"http://www.bioassayexpress.org/bae#FAIR_0000062","propLabel":"complexing protocol","propAbbrev":"bae:FAIR_0000062","valueURI":"http://www.bioassayontology.org/bat#Unknown","valueLabel":"unknown","valueAbbrev":"bat:Unknown","valueDescr":"There should be a term assigned to this property but the value was not specified in the source information.","groupNest":["http://www.bioassayexpress.org/bae#FAIR_0000044"],"groupLabel":["delivery"],"valueHier":["http://www.bioassayontology.org/bat#Absence"],"labelHier":["absence"]},{"propURI":"http://www.bioassayexpress.org/bae#FAIR_0000051","propLabel":"target organism","propAbbrev":"bae:FAIR_0000051","valueURI":"http://purl.obolibrary.org/obo/NCBITaxon_10090","valueLabel":"Mus musculus","valueAbbrev":"obo:NCBITaxon_10090","valueDescr":"","groupNest":["http://www.bioassayexpress.org/bae#FAIR_0000042"],"groupLabel":["assay description"],"altLabels":["mouse","mice C57BL/6xCBA/CaJ hybrid","house mouse","Mus muscaris"],"valueHier":["http://www.bioassayontology.org/bao#BAO_0000362","http://www.bioassayontology.org/bao#BAO_0000510","http://www.bioassayontology.org/bao#BAO_0000659","http://www.bioassayontology.org/bao#BAO_0000509","http://www.bioassayontology.org/bao#BAO_0000658","http://www.bioassayontology.org/bao#BAO_0000551"],"labelHier":["mammalian","vertebrate","metazoa","eukaryote","cellular organisms","organism"]},{"propURI":"http://www.bioassayexpress.org/bae#FAIR_0000057","propLabel":"biomaterial manipulations","propAbbrev":"bae:FAIR_0000057","valueURI":"http://www.bioassayontology.org/bat#Ambiguous","valueLabel":"ambiguous","valueAbbrev":"bat:Ambiguous","valueDescr":"The source information is ambiguous: there are multiple indeterminate possibilities.","groupNest":["http://www.bioassayexpress.org/bae#FAIR_0000043"],"groupLabel":["assay protocol"],"valueHier":["http://www.bioassayontology.org/bat#Absence"],"labelHier":["absence"]},{"propURI":"http://www.bioassayexpress.org/bae#FAIR_0000074","propLabel":"data filtering","propAbbrev":"bae:FAIR_0000074","valueURI":"http://www.bioassayontology.org/bat#Unknown","valueLabel":"unknown","valueAbbrev":"bat:Unknown","valueDescr":"There should be a term assigned to this property but the value was not specified in the source information.","groupNest":["http://www.bioassayexpress.org/bae#FAIR_0000047"],"groupLabel":["results"],"valueHier":["http://www.bioassayontology.org/bat#Absence"],"labelHier":["absence"]},{"propURI":"http://www.bioassayexpress.org/bae#FAIR_0000075","propLabel":"analysis software","propAbbrev":"bae:FAIR_0000075","valueURI":"http://www.bioassayontology.org/bat#NotApplicable","valueLabel":"not applicable","valueAbbrev":"bat:NotApplicable","valueDescr":"This property does not apply to this assay.","groupNest":["http://www.bioassayexpress.org/bae#FAIR_0000047"],"groupLabel":["results"],"valueHier":["http://www.bioassayontology.org/bat#Absence"],"labelHier":["absence"]},{"propURI":"http://www.bioassayexpress.org/bae#FAIR_0000072","propLabel":"bioactivity outcome","propAbbrev":"bae:FAIR_0000072","valueURI":"http://www.bioassayontology.org/bat#Ambiguous","valueLabel":"ambiguous","valueAbbrev":"bat:Ambiguous","valueDescr":"The source information is ambiguous: there are multiple indeterminate possibilities.","groupNest":["http://www.bioassayexpress.org/bae#FAIR_0000047"],"groupLabel":["results"],"valueHier":["http://www.bioassayontology.org/bat#Absence"],"labelHier":["absence"]},{"propURI":"http://www.bioassayexpress.org/bae#FAIR_0000069","propLabel":"plate information","propAbbrev":"bae:FAIR_0000069","valueURI":"http://www.bioassayexpress.com/bao_provisional#FAIR_0000327","valueLabel":"96-well","valueAbbrev":"user:FAIR_0000327","valueDescr":"","groupNest":["http://www.bioassayexpress.org/bae#FAIR_0000046"],"groupLabel":["assay plate description"],"valueHier":["http://www.bioassayexpress.org/bae#FAIR_0001180"],"labelHier":["plate information"]},{"propURI":"http://www.bioassayexpress.org/bae#FAIR_0000061","propLabel":"cell confluence","propAbbrev":"bae:FAIR_0000061","valueURI":"http://www.bioassayontology.org/bat#Ambiguous","valueLabel":"ambiguous","valueAbbrev":"bat:Ambiguous","valueDescr":"The source information is ambiguous: there are multiple indeterminate possibilities.","groupNest":["http://www.bioassayexpress.org/bae#FAIR_0000044"],"groupLabel":["delivery"],"valueHier":["http://www.bioassayontology.org/bat#Absence"],"labelHier":["absence"]},{"propURI":"http://www.bioassayexpress.org/bae#FAIR_0000056","propLabel":"pre/post treatment","propAbbrev":"bae:FAIR_0000056","valueURI":"http://www.bioassayexpress.com/bao_provisional#FAIR_0000321","valueLabel":"stimulation","valueAbbrev":"user:FAIR_0000321","valueDescr":"","groupNest":["http://www.bioassayexpress.org/bae#FAIR_0000043"],"groupLabel":["assay protocol"],"valueHier":["http://www.bioassayexpress.com/bao_provisional#FAIR_0000231","http://www.bioassayexpress.org/bae#FAIR_0001170"],"labelHier":["specimen treatment","pre/post treatment"]},{"propURI":"http://www.bioassayexpress.org/bae#FAIR_0000070","propLabel":"media changes","propAbbrev":"bae:FAIR_0000070","valueURI":"http://www.bioassayontology.org/bat#Unknown","valueLabel":"unknown","valueAbbrev":"bat:Unknown","valueDescr":"There should be a term assigned to this property but the value was not specified in the source information.","groupNest":["http://www.bioassayexpress.org/bae#FAIR_0000046"],"groupLabel":["assay plate description"],"valueHier":["http://www.bioassayontology.org/bat#Absence"],"labelHier":["absence"]},{"propURI":"http://www.bioassayexpress.org/bae#FAIR_0000050","propLabel":"assay type","propAbbrev":"bae:FAIR_0000050","valueURI":"http://www.bioassayontology.org/bao#BAO_0000031","valueLabel":"primary assay","valueAbbrev":"bao:BAO_0000031","valueDescr":"The first assay performed in a in a screening campaign. The purpose of the primary assay is to identify hits, which are potentially biologically active chemical entities. Generally in this assay, the perturbagens are tested at a single concentration with only one measurement. It is followed by a confirmatory screen, which can be run at a single concentration with multiple replicates or as concentration-response assay.","groupNest":["http://www.bioassayexpress.org/bae#FAIR_0000042"],"groupLabel":["assay description"],"valueHier":["http://www.bioassayontology.org/bao#BAO_0000029"],"labelHier":["assay screening campaign stage"]},{"propURI":"http://www.bioassayexpress.org/bae#FAIR_0000052","propLabel":"knockdown genes","propAbbrev":"bae:FAIR_0000052","valueURI":"http://www.bioassayexpress.com/bao_provisional#FAIR_0000318","valueLabel":"CEP83","valueAbbrev":"user:FAIR_0000318","valueDescr":"","groupNest":["http://www.bioassayexpress.org/bae#FAIR_0000042"],"groupLabel":["assay description"],"valueHier":["http://www.bioassayexpress.org/bae#FAIR_0001166"],"labelHier":["knockdown genes"]}],"annotsRemoved":[],"labelsAdded":[{"propURI":"http://www.bioassayexpress.org/bae#FAIR_0000066","valueLabel":"L-045514","propAbbrev":"bae:FAIR_0000066","groupNest":["http://www.bioassayexpress.org/bae#FAIR_0000045"],"propLabel":"probe ID","groupLabel":["silencing RNA reagent"]},{"propURI":"http://www.bioassayexpress.org/bae#FAIR_0000058","valueLabel":"5E6","propAbbrev":"bae:FAIR_0000058","groupNest":["http://www.bioassayexpress.org/bae#FAIR_0000043"],"propLabel":"cells per well","groupLabel":["assay protocol"]},{"propURI":"http://www.bioassayexpress.org/bae#FAIR_0000066","valueLabel":"L-063954","propAbbrev":"bae:FAIR_0000066","groupNest":["http://www.bioassayexpress.org/bae#FAIR_0000045"],"propLabel":"probe ID","groupLabel":["silencing RNA reagent"]},{"propURI":"http://www.bioassayexpress.org/bae#FAIR_0000049","valueLabel":"Mother Centriole Distal Appendages Mediate Centrosome Docking at the Immunological Synapse and Reveal Mechanistic Parallels with Ciliogenesis","propAbbrev":"bae:FAIR_0000049","groupNest":["http://www.bioassayexpress.org/bae#FAIR_0000042"],"propLabel":"assay identifier","groupLabel":["assay description"]}],"labelsRemoved":[],"notesModified":{}}],"holdingIDList":[]}