{"assayID":44,"uniqueID":"pubmedCentral:6399264","text":"Essential and non-overlapping IL-2Rα-dependent processes for thymic development and peripheral homeostasis of regulatory T cells\n\nAbstract\nIL-2R signaling is essential for regulatory T cell (Treg) function. However, the precise contribution of IL-2 during Treg thymic development, peripheral homeostasis and lineage stability remains unclear. Here we show that IL-2R signaling is required by thymic Tregs at an early step for expansion and survival, and a later step for functional maturation. Using inducible, conditional deletion of CD25 in peripheral Tregs, we also find that IL-2R signaling is indispensable for Treg homeostasis, whereas Treg lineage stability is largely IL-2-independent. CD25 knockout peripheral Tregs have increased apoptosis, oxidative stress, signs of mitochondrial dysfunction, and reduced transcription of key enzymes of lipid and cholesterol biosynthetic pathways. A divergent IL-2R transcriptional signature is noted for thymic Tregs versus peripheral Tregs. These data indicate that IL-2R signaling in the thymus and the periphery leads to distinctive effects on Treg function, while peripheral Treg survival depends on a non-conventional mechanism of metabolic regulation.","notes":{},"schemaURI":"http://www.bioassayontology.org/bas/NextGenSeq#","annotations":[{"propURI":"http://www.bioassayontology.org/bao#BAO_0002921","propLabel":"organism","propAbbrev":"bao:BAO_0002921","valueURI":"http://purl.obolibrary.org/obo/NCBITaxon_10090","valueLabel":"Mus musculus","valueAbbrev":"obo:NCBITaxon_10090","valueDescr":"","groupNest":["http://www.bioassayexpress.org/bae#FAIR_0000003"],"groupLabel":["biosample details"],"altLabels":["mouse","mice C57BL/6xCBA/CaJ hybrid","house mouse","Mus muscaris"],"valueHier":["http://www.bioassayontology.org/bao#BAO_0000362","http://www.bioassayontology.org/bao#BAO_0000510","http://www.bioassayontology.org/bao#BAO_0000659","http://www.bioassayontology.org/bao#BAO_0000509","http://www.bioassayontology.org/bao#BAO_0000658","http://www.bioassayontology.org/bao#BAO_0000551"],"labelHier":["mammalian","vertebrate","metazoa","eukaryote","cellular organisms","organism"]},{"propURI":"http://www.bioassayontology.org/bao#BAO_0002800","propLabel":"assay cell line","propAbbrev":"bao:BAO_0002800","valueURI":"http://www.bioassayexpress.com/bao_provisional#FAIR_0000217","valueLabel":"regulatory T cells","valueAbbrev":"user:FAIR_0000217","valueDescr":"","groupNest":["http://www.bioassayexpress.org/bae#FAIR_0000003"],"groupLabel":["biosample details"],"valueHier":["http://purl.obolibrary.org/obo/CLO_0000001"],"labelHier":["cell line cell"]},{"propURI":"http://www.bioassayontology.org/bao#BAO_0002848","propLabel":"disease","propAbbrev":"bao:BAO_0002848","valueURI":"http://www.bioassayexpress.com/bao_provisional#FAIR_0000219","valueLabel":"autoimmune disease","valueAbbrev":"user:FAIR_0000219","valueDescr":"","groupNest":["http://www.bioassayexpress.org/bae#FAIR_0000003"],"groupLabel":["biosample details"],"valueHier":["http://purl.obolibrary.org/obo/DOID_2914","http://purl.obolibrary.org/obo/DOID_7","http://purl.obolibrary.org/obo/DOID_4"],"labelHier":["immune system disease","disease of anatomical entity","Disease"]},{"propURI":"http://www.bioassayexpress.org/bae#FAIR_0000004","propLabel":"strategy","propAbbrev":"bae:FAIR_0000004","valueURI":"http://www.bioassayexpress.org/bae#FAIR_0001005","valueLabel":"RNA-Seq","valueAbbrev":"bae:FAIR_0001005","valueDescr":"Random sequencing of whole transcriptome","groupNest":["http://www.bioassayexpress.org/bae#FAIR_0000001"],"groupLabel":["library"],"valueHier":["http://www.bioassayexpress.org/bae#FAIR_0001001"],"labelHier":["strategy"]},{"propURI":"http://www.bioassayexpress.org/bae#FAIR_0000006","propLabel":"source","propAbbrev":"bae:FAIR_0000006","valueURI":"http://www.bioassayexpress.org/bae#FAIR_0001037","valueLabel":"transcriptomic","valueAbbrev":"bae:FAIR_0001037","valueDescr":"Transcription products or non genomic DNA (EST, cDNA, RT-PCR, screened libraries)","groupNest":["http://www.bioassayexpress.org/bae#FAIR_0000001"],"groupLabel":["library"],"valueHier":["http://www.bioassayexpress.org/bae#FAIR_0001035"],"labelHier":["library source"]},{"propURI":"http://www.bioassayontology.org/bao#BAO_0002865","propLabel":"instrument platform","propAbbrev":"bao:BAO_0002865","valueURI":"http://www.bioassayexpress.org/bae#FAIR_0001114","valueLabel":"NextSeq 500","valueAbbrev":"bae:FAIR_0001114","valueDescr":"","groupNest":["http://www.bioassayexpress.org/bae#FAIR_0000001"],"groupLabel":["library"],"valueHier":["http://www.bioassayexpress.org/bae#FAIR_0001097","http://www.bioassayontology.org/bao#BAO_0000697"],"labelHier":["Illumina","detection instrument"]},{"propURI":"http://www.bioassayexpress.org/bae#FAIR_0000007","propLabel":"selection","propAbbrev":"bae:FAIR_0000007","valueURI":"http://www.bioassayexpress.org/bae#FAIR_0001057","valueLabel":"cDNA","valueAbbrev":"bae:FAIR_0001057","valueDescr":"Complementary DNA","groupNest":["http://www.bioassayexpress.org/bae#FAIR_0000001"],"groupLabel":["library"],"valueHier":["http://www.bioassayexpress.org/bae#FAIR_0001044"],"labelHier":["library selection"]},{"propURI":"http://www.bioassayexpress.org/bae#FAIR_0000008","propLabel":"layout","propAbbrev":"bae:FAIR_0000008","valueURI":"http://www.bioassayexpress.org/bae#FAIR_0001079","valueLabel":"paired end","valueAbbrev":"bae:FAIR_0001079","valueDescr":"","groupNest":["http://www.bioassayexpress.org/bae#FAIR_0000001"],"groupLabel":["library"],"valueHier":["http://www.bioassayexpress.org/bae#FAIR_0001078"],"labelHier":["library layout"]},{"propURI":"http://www.bioassayexpress.org/bae#FAIR_0000012","propLabel":"type","propAbbrev":"bae:FAIR_0000012","valueURI":"http://www.bioassayexpress.org/bae#FAIR_0001159","valueLabel":"model organism/animal","valueAbbrev":"bae:FAIR_0001159","valueDescr":"","groupNest":["http://www.bioassayexpress.org/bae#FAIR_0000002"],"groupLabel":["biosample package"],"valueHier":["http://www.bioassayexpress.org/bae#FAIR_0001157"],"labelHier":["biosample type"]},{"propURI":"http://www.bioassayexpress.org/bae#FAIR_0000014","propLabel":"geographic origin","propAbbrev":"bae:FAIR_0000014","valueURI":"http://www.bioassayontology.org/bat#Unknown","valueLabel":"unknown","valueAbbrev":"bat:Unknown","valueDescr":"There should be a term assigned to this property but the value was not specified in the source information.","groupNest":["http://www.bioassayexpress.org/bae#FAIR_0000003"],"groupLabel":["biosample details"],"valueHier":["http://www.bioassayontology.org/bat#Absence"],"labelHier":["absence"]},{"propURI":"http://www.bioassayexpress.org/bae#FAIR_0000013","propLabel":"biomaterial provider","propAbbrev":"bae:FAIR_0000013","valueURI":"http://www.bioassayontology.org/bat#Unknown","valueLabel":"unknown","valueAbbrev":"bat:Unknown","valueDescr":"There should be a term assigned to this property but the value was not specified in the source information.","groupNest":["http://www.bioassayexpress.org/bae#FAIR_0000002"],"groupLabel":["biosample package"],"valueHier":["http://www.bioassayontology.org/bat#Absence"],"labelHier":["absence"]},{"propURI":"http://www.bioassayexpress.org/bae#FAIR_0000015","propLabel":"strain/isolate","propAbbrev":"bae:FAIR_0000015","valueURI":"http://www.bioassayexpress.com/bao_provisional#FAIR_0000221","valueLabel":"C57BL/6","valueAbbrev":"user:FAIR_0000221","valueDescr":"","groupNest":["http://www.bioassayexpress.org/bae#FAIR_0000003"],"groupLabel":["biosample details"],"valueHier":["http://www.bioassayexpress.org/bae#FAIR_0001267"],"labelHier":["strain/isolate"]},{"propURI":"http://www.bioassayexpress.org/bae#FAIR_0000020","propLabel":"tissue","propAbbrev":"bae:FAIR_0000020","valueURI":"http://www.bioassayexpress.com/bao_provisional#FAIR_0000222","valueLabel":"spleen","valueAbbrev":"user:FAIR_0000222","valueDescr":"","groupNest":["http://www.bioassayexpress.org/bae#FAIR_0000003"],"groupLabel":["biosample details"],"valueHier":["http://www.bioassayexpress.org/bae#FAIR_0001272"],"labelHier":["tissue"]},{"propURI":"http://www.bioassayexpress.org/bae#FAIR_0000021","propLabel":"phenotype","propAbbrev":"bae:FAIR_0000021","valueURI":"http://www.bioassayontology.org/bat#Ambiguous","valueLabel":"ambiguous","valueAbbrev":"bat:Ambiguous","valueDescr":"The source information is ambiguous: there are multiple indeterminate possibilities.","groupNest":["http://www.bioassayexpress.org/bae#FAIR_0000003"],"groupLabel":["biosample details"],"valueHier":["http://www.bioassayontology.org/bat#Absence"],"labelHier":["absence"]},{"propURI":"http://www.bioassayexpress.org/bae#FAIR_0000018","propLabel":"sex","propAbbrev":"bae:FAIR_0000018","valueURI":"http://www.bioassayexpress.org/bae#FAIR_0001270","valueLabel":"male","valueAbbrev":"bae:FAIR_0001270","valueDescr":"","groupNest":["http://www.bioassayexpress.org/bae#FAIR_0000003"],"groupLabel":["biosample details"],"valueHier":["http://www.bioassayexpress.org/bae#FAIR_0001269"],"labelHier":["sex"]},{"propURI":"http://www.bioassayexpress.org/bae#FAIR_0000018","propLabel":"sex","propAbbrev":"bae:FAIR_0000018","valueURI":"http://www.bioassayexpress.org/bae#FAIR_0001271","valueLabel":"female","valueAbbrev":"bae:FAIR_0001271","valueDescr":"","groupNest":["http://www.bioassayexpress.org/bae#FAIR_0000003"],"groupLabel":["biosample details"],"valueHier":["http://www.bioassayexpress.org/bae#FAIR_0001269"],"labelHier":["sex"]},{"propURI":"http://www.bioassayexpress.org/bae#FAIR_0000016","propLabel":"host","propAbbrev":"bae:FAIR_0000016","valueURI":"http://www.bioassayexpress.com/bao_provisional#FAIR_0000224","valueLabel":"Mus musculus","valueAbbrev":"user:FAIR_0000224","valueDescr":"","groupNest":["http://www.bioassayexpress.org/bae#FAIR_0000003"],"groupLabel":["biosample details"],"valueHier":["http://www.bioassayexpress.org/bae#FAIR_0001268"],"labelHier":["host"]},{"propURI":"http://www.bioassayexpress.org/bae#FAIR_0000019","propLabel":"developmental stage","propAbbrev":"bae:FAIR_0000019","valueURI":"http://www.bioassayontology.org/bat#Ambiguous","valueLabel":"ambiguous","valueAbbrev":"bat:Ambiguous","valueDescr":"The source information is ambiguous: there are multiple indeterminate possibilities.","groupNest":["http://www.bioassayexpress.org/bae#FAIR_0000003"],"groupLabel":["biosample details"],"valueHier":["http://www.bioassayontology.org/bat#Absence"],"labelHier":["absence"]},{"propURI":"http://www.bioassayontology.org/bao#BAO_0000205","propLabel":"format","propAbbrev":"bao:BAO_0000205","valueURI":"http://www.bioassayontology.org/bao#BAO_0000219","valueLabel":"cell based format","valueAbbrev":"bao:BAO_0000219","valueDescr":"Involves the use of living cells of eukaryotic origin, derived from a multicellular organism, and is a heterogeneous assay type. Typically, this refers to permanent (immortal) cell lines, or primary cells, or some form of stem cells. This is distinct from a single-celled organism-based format (classically bacteria or yeast).","groupNest":["http://www.bioassayexpress.org/bae#FAIR_0000002"],"groupLabel":["biosample package"],"valueHier":["http://www.bioassayontology.org/bao#BAO_0000019"],"labelHier":["assay format"]},{"propURI":"http://www.bioassayexpress.org/bae#FAIR_0000005","propLabel":"construction kit","propAbbrev":"bae:FAIR_0000005","valueURI":"http://www.bioassayexpress.com/bao_provisional#FAIR_0000225","valueLabel":"TRIzol Reagent","valueAbbrev":"user:FAIR_0000225","valueDescr":"","groupNest":["http://www.bioassayexpress.org/bae#FAIR_0000001"],"groupLabel":["library"],"valueHier":["http://www.bioassayexpress.org/bae#FAIR_0001264"],"labelHier":["construction kit"]},{"propURI":"http://www.bioassayexpress.org/bae#FAIR_0000005","propLabel":"construction kit","propAbbrev":"bae:FAIR_0000005","valueURI":"http://www.bioassayexpress.com/bao_provisional#FAIR_0000226","valueLabel":"miRNeasy Micro Kit","valueAbbrev":"user:FAIR_0000226","valueDescr":"","groupNest":["http://www.bioassayexpress.org/bae#FAIR_0000001"],"groupLabel":["library"],"valueHier":["http://www.bioassayexpress.org/bae#FAIR_0001264"],"labelHier":["construction kit"]},{"propURI":"http://www.bioassayexpress.org/bae#FAIR_0000157","valueLabel":"GSM3449439","propAbbrev":"bae:FAIR_0000157","groupNest":["http://www.bioassayexpress.org/bae#FAIR_0000001"],"propLabel":"geo ID","groupLabel":["library"]},{"propURI":"http://www.bioassayexpress.org/bae#FAIR_0000010","valueLabel":"SAMN10336470","propAbbrev":"bae:FAIR_0000010","groupNest":["http://www.bioassayexpress.org/bae#FAIR_0000002"],"propLabel":"sample ID","groupLabel":["biosample package"]},{"propURI":"http://www.bioassayexpress.org/bae#FAIR_0000017","valueLabel":"12-14 days","propAbbrev":"bae:FAIR_0000017","groupNest":["http://www.bioassayexpress.org/bae#FAIR_0000003"],"propLabel":"age","groupLabel":["biosample details"]}],"pubchemXRef":[],"curationTime":1555360376572,"curatorID":"trusted:anyone","history":[{"curationTime":1555106364596,"curatorID":"trusted:anyone","uniqueIDPatch":"@@ -1,21 +0,0 @@\n-pubmedCentral:6399264\n","textPatch":"@@ -1,128 +0,0 @@\n-Essential and non-overlapping IL-2R%CE%B1-dependent processes for thymic development and peripheral homeostasis of regulatory T cells\n","annotsAdded":[],"annotsRemoved":[],"labelsAdded":[],"labelsRemoved":[],"notesModified":{}},{"curationTime":1555360376572,"curatorID":"trusted:anyone","textPatch":"@@ -125,1080 +125,4 @@\n ells\n-%0A%0AAbstract%0AIL-2R signaling is essential for regulatory T cell (Treg) function. However, the precise contribution of IL-2 during Treg thymic development, peripheral homeostasis and lineage stability remains unclear. Here we show that IL-2R signaling is required by thymic Tregs at an early step for expansion and survival, and a later step for functional maturation. Using inducible, conditional deletion of CD25 in peripheral Tregs, we also find that IL-2R signaling is indispensable for Treg homeostasis, whereas Treg lineage stability is largely IL-2-independent. CD25 knockout peripheral Tregs have increased apoptosis, oxidative stress, signs of mitochondrial dysfunction, and reduced transcription of key enzymes of lipid and cholesterol biosynthetic pathways. A divergent IL-2R transcriptional signature is noted for thymic Tregs versus peripheral Tregs. These data indicate that IL-2R signaling in the thymus and the periphery leads to distinctive effects on Treg function, while peripheral Treg survival depends on a non-conventional mechanism of metabolic regulation.\n","annotsAdded":[{"propURI":"http://www.bioassayexpress.org/bae#FAIR_0000018","propLabel":"sex","propAbbrev":"bae:FAIR_0000018","valueURI":"http://www.bioassayexpress.org/bae#FAIR_0001270","valueLabel":"male","valueAbbrev":"bae:FAIR_0001270","valueDescr":"","groupNest":["http://www.bioassayexpress.org/bae#FAIR_0000003"],"groupLabel":["biosample details"],"valueHier":["http://www.bioassayexpress.org/bae#FAIR_0001269"],"labelHier":["sex"]},{"propURI":"http://www.bioassayexpress.org/bae#FAIR_0000006","propLabel":"source","propAbbrev":"bae:FAIR_0000006","valueURI":"http://www.bioassayexpress.org/bae#FAIR_0001037","valueLabel":"transcriptomic","valueAbbrev":"bae:FAIR_0001037","valueDescr":"Transcription products or non genomic DNA (EST, cDNA, RT-PCR, screened libraries)","groupNest":["http://www.bioassayexpress.org/bae#FAIR_0000001"],"groupLabel":["library"],"valueHier":["http://www.bioassayexpress.org/bae#FAIR_0001035"],"labelHier":["library source"]},{"propURI":"http://www.bioassayexpress.org/bae#FAIR_0000014","propLabel":"geographic origin","propAbbrev":"bae:FAIR_0000014","valueURI":"http://www.bioassayontology.org/bat#Unknown","valueLabel":"unknown","valueAbbrev":"bat:Unknown","valueDescr":"There should be a term assigned to this property but the value was not specified in the source information.","groupNest":["http://www.bioassayexpress.org/bae#FAIR_0000003"],"groupLabel":["biosample details"],"valueHier":["http://www.bioassayontology.org/bat#Absence"],"labelHier":["absence"]},{"propURI":"http://www.bioassayexpress.org/bae#FAIR_0000016","propLabel":"host","propAbbrev":"bae:FAIR_0000016","valueURI":"http://www.bioassayexpress.com/bao_provisional#FAIR_0000224","valueLabel":"Mus musculus","valueAbbrev":"user:FAIR_0000224","valueDescr":"","groupNest":["http://www.bioassayexpress.org/bae#FAIR_0000003"],"groupLabel":["biosample details"],"valueHier":["http://www.bioassayexpress.org/bae#FAIR_0001268"],"labelHier":["host"]},{"propURI":"http://www.bioassayontology.org/bao#BAO_0002800","propLabel":"assay cell line","propAbbrev":"bao:BAO_0002800","valueURI":"http://www.bioassayexpress.com/bao_provisional#FAIR_0000217","valueLabel":"regulatory T cells","valueAbbrev":"user:FAIR_0000217","valueDescr":"","groupNest":["http://www.bioassayexpress.org/bae#FAIR_0000003"],"groupLabel":["biosample details"],"valueHier":["http://purl.obolibrary.org/obo/CLO_0000001"],"labelHier":["cell line cell"]},{"propURI":"http://www.bioassayexpress.org/bae#FAIR_0000020","propLabel":"tissue","propAbbrev":"bae:FAIR_0000020","valueURI":"http://www.bioassayexpress.com/bao_provisional#FAIR_0000222","valueLabel":"spleen","valueAbbrev":"user:FAIR_0000222","valueDescr":"","groupNest":["http://www.bioassayexpress.org/bae#FAIR_0000003"],"groupLabel":["biosample details"],"valueHier":["http://www.bioassayexpress.org/bae#FAIR_0001272"],"labelHier":["tissue"]},{"propURI":"http://www.bioassayexpress.org/bae#FAIR_0000007","propLabel":"selection","propAbbrev":"bae:FAIR_0000007","valueURI":"http://www.bioassayexpress.org/bae#FAIR_0001057","valueLabel":"cDNA","valueAbbrev":"bae:FAIR_0001057","valueDescr":"Complementary DNA","groupNest":["http://www.bioassayexpress.org/bae#FAIR_0000001"],"groupLabel":["library"],"valueHier":["http://www.bioassayexpress.org/bae#FAIR_0001044"],"labelHier":["library selection"]},{"propURI":"http://www.bioassayexpress.org/bae#FAIR_0000015","propLabel":"strain/isolate","propAbbrev":"bae:FAIR_0000015","valueURI":"http://www.bioassayexpress.com/bao_provisional#FAIR_0000221","valueLabel":"C57BL/6","valueAbbrev":"user:FAIR_0000221","valueDescr":"","groupNest":["http://www.bioassayexpress.org/bae#FAIR_0000003"],"groupLabel":["biosample details"],"valueHier":["http://www.bioassayexpress.org/bae#FAIR_0001267"],"labelHier":["strain/isolate"]},{"propURI":"http://www.bioassayexpress.org/bae#FAIR_0000018","propLabel":"sex","propAbbrev":"bae:FAIR_0000018","valueURI":"http://www.bioassayexpress.org/bae#FAIR_0001271","valueLabel":"female","valueAbbrev":"bae:FAIR_0001271","valueDescr":"","groupNest":["http://www.bioassayexpress.org/bae#FAIR_0000003"],"groupLabel":["biosample details"],"valueHier":["http://www.bioassayexpress.org/bae#FAIR_0001269"],"labelHier":["sex"]},{"propURI":"http://www.bioassayexpress.org/bae#FAIR_0000005","propLabel":"construction kit","propAbbrev":"bae:FAIR_0000005","valueURI":"http://www.bioassayexpress.com/bao_provisional#FAIR_0000226","valueLabel":"miRNeasy Micro Kit","valueAbbrev":"user:FAIR_0000226","valueDescr":"","groupNest":["http://www.bioassayexpress.org/bae#FAIR_0000001"],"groupLabel":["library"],"valueHier":["http://www.bioassayexpress.org/bae#FAIR_0001264"],"labelHier":["construction kit"]},{"propURI":"http://www.bioassayontology.org/bao#BAO_0000205","propLabel":"format","propAbbrev":"bao:BAO_0000205","valueURI":"http://www.bioassayontology.org/bao#BAO_0000219","valueLabel":"cell based format","valueAbbrev":"bao:BAO_0000219","valueDescr":"Involves the use of living cells of eukaryotic origin, derived from a multicellular organism, and is a heterogeneous assay type. Typically, this refers to permanent (immortal) cell lines, or primary cells, or some form of stem cells. This is distinct from a single-celled organism-based format (classically bacteria or yeast).","groupNest":["http://www.bioassayexpress.org/bae#FAIR_0000002"],"groupLabel":["biosample package"],"valueHier":["http://www.bioassayontology.org/bao#BAO_0000019"],"labelHier":["assay format"]},{"propURI":"http://www.bioassayexpress.org/bae#FAIR_0000005","propLabel":"construction kit","propAbbrev":"bae:FAIR_0000005","valueURI":"http://www.bioassayexpress.com/bao_provisional#FAIR_0000225","valueLabel":"TRIzol Reagent","valueAbbrev":"user:FAIR_0000225","valueDescr":"","groupNest":["http://www.bioassayexpress.org/bae#FAIR_0000001"],"groupLabel":["library"],"valueHier":["http://www.bioassayexpress.org/bae#FAIR_0001264"],"labelHier":["construction kit"]},{"propURI":"http://www.bioassayontology.org/bao#BAO_0002865","propLabel":"instrument platform","propAbbrev":"bao:BAO_0002865","valueURI":"http://www.bioassayexpress.org/bae#FAIR_0001114","valueLabel":"NextSeq 500","valueAbbrev":"bae:FAIR_0001114","valueDescr":"","groupNest":["http://www.bioassayexpress.org/bae#FAIR_0000001"],"groupLabel":["library"],"valueHier":["http://www.bioassayexpress.org/bae#FAIR_0001097","http://www.bioassayontology.org/bao#BAO_0000697"],"labelHier":["Illumina","detection instrument"]},{"propURI":"http://www.bioassayexpress.org/bae#FAIR_0000008","propLabel":"layout","propAbbrev":"bae:FAIR_0000008","valueURI":"http://www.bioassayexpress.org/bae#FAIR_0001079","valueLabel":"paired end","valueAbbrev":"bae:FAIR_0001079","valueDescr":"","groupNest":["http://www.bioassayexpress.org/bae#FAIR_0000001"],"groupLabel":["library"],"valueHier":["http://www.bioassayexpress.org/bae#FAIR_0001078"],"labelHier":["library layout"]},{"propURI":"http://www.bioassayexpress.org/bae#FAIR_0000019","propLabel":"developmental stage","propAbbrev":"bae:FAIR_0000019","valueURI":"http://www.bioassayontology.org/bat#Ambiguous","valueLabel":"ambiguous","valueAbbrev":"bat:Ambiguous","valueDescr":"The source information is ambiguous: there are multiple indeterminate possibilities.","groupNest":["http://www.bioassayexpress.org/bae#FAIR_0000003"],"groupLabel":["biosample details"],"valueHier":["http://www.bioassayontology.org/bat#Absence"],"labelHier":["absence"]},{"propURI":"http://www.bioassayexpress.org/bae#FAIR_0000012","propLabel":"type","propAbbrev":"bae:FAIR_0000012","valueURI":"http://www.bioassayexpress.org/bae#FAIR_0001159","valueLabel":"model organism/animal","valueAbbrev":"bae:FAIR_0001159","valueDescr":"","groupNest":["http://www.bioassayexpress.org/bae#FAIR_0000002"],"groupLabel":["biosample package"],"valueHier":["http://www.bioassayexpress.org/bae#FAIR_0001157"],"labelHier":["biosample type"]},{"propURI":"http://www.bioassayontology.org/bao#BAO_0002848","propLabel":"disease","propAbbrev":"bao:BAO_0002848","valueURI":"http://www.bioassayexpress.com/bao_provisional#FAIR_0000219","valueLabel":"autoimmune disease","valueAbbrev":"user:FAIR_0000219","valueDescr":"","groupNest":["http://www.bioassayexpress.org/bae#FAIR_0000003"],"groupLabel":["biosample details"],"valueHier":["http://purl.obolibrary.org/obo/DOID_2914","http://purl.obolibrary.org/obo/DOID_7","http://purl.obolibrary.org/obo/DOID_4"],"labelHier":["immune system disease","disease of anatomical entity","Disease"]},{"propURI":"http://www.bioassayexpress.org/bae#FAIR_0000004","propLabel":"strategy","propAbbrev":"bae:FAIR_0000004","valueURI":"http://www.bioassayexpress.org/bae#FAIR_0001005","valueLabel":"RNA-Seq","valueAbbrev":"bae:FAIR_0001005","valueDescr":"Random sequencing of whole transcriptome","groupNest":["http://www.bioassayexpress.org/bae#FAIR_0000001"],"groupLabel":["library"],"valueHier":["http://www.bioassayexpress.org/bae#FAIR_0001001"],"labelHier":["strategy"]},{"propURI":"http://www.bioassayontology.org/bao#BAO_0002921","propLabel":"organism","propAbbrev":"bao:BAO_0002921","valueURI":"http://purl.obolibrary.org/obo/NCBITaxon_10090","valueLabel":"Mus musculus","valueAbbrev":"obo:NCBITaxon_10090","valueDescr":"","groupNest":["http://www.bioassayexpress.org/bae#FAIR_0000003"],"groupLabel":["biosample details"],"altLabels":["mouse","mice C57BL/6xCBA/CaJ hybrid","house mouse","Mus muscaris"],"valueHier":["http://www.bioassayontology.org/bao#BAO_0000362","http://www.bioassayontology.org/bao#BAO_0000510","http://www.bioassayontology.org/bao#BAO_0000659","http://www.bioassayontology.org/bao#BAO_0000509","http://www.bioassayontology.org/bao#BAO_0000658","http://www.bioassayontology.org/bao#BAO_0000551"],"labelHier":["mammalian","vertebrate","metazoa","eukaryote","cellular organisms","organism"]},{"propURI":"http://www.bioassayexpress.org/bae#FAIR_0000013","propLabel":"biomaterial provider","propAbbrev":"bae:FAIR_0000013","valueURI":"http://www.bioassayontology.org/bat#Unknown","valueLabel":"unknown","valueAbbrev":"bat:Unknown","valueDescr":"There should be a term assigned to this property but the value was not specified in the source information.","groupNest":["http://www.bioassayexpress.org/bae#FAIR_0000002"],"groupLabel":["biosample package"],"valueHier":["http://www.bioassayontology.org/bat#Absence"],"labelHier":["absence"]},{"propURI":"http://www.bioassayexpress.org/bae#FAIR_0000021","propLabel":"phenotype","propAbbrev":"bae:FAIR_0000021","valueURI":"http://www.bioassayontology.org/bat#Ambiguous","valueLabel":"ambiguous","valueAbbrev":"bat:Ambiguous","valueDescr":"The source information is ambiguous: there are multiple indeterminate possibilities.","groupNest":["http://www.bioassayexpress.org/bae#FAIR_0000003"],"groupLabel":["biosample details"],"valueHier":["http://www.bioassayontology.org/bat#Absence"],"labelHier":["absence"]}],"annotsRemoved":[],"labelsAdded":[{"propURI":"http://www.bioassayexpress.org/bae#FAIR_0000010","valueLabel":"SAMN10336470","propAbbrev":"bae:FAIR_0000010","groupNest":["http://www.bioassayexpress.org/bae#FAIR_0000002"],"propLabel":"sample ID","groupLabel":["biosample package"]},{"propURI":"http://www.bioassayexpress.org/bae#FAIR_0000017","valueLabel":"12-14 days","propAbbrev":"bae:FAIR_0000017","groupNest":["http://www.bioassayexpress.org/bae#FAIR_0000003"],"propLabel":"age","groupLabel":["biosample details"]},{"propURI":"http://www.bioassayexpress.org/bae#FAIR_0000157","valueLabel":"GSM3449439","propAbbrev":"bae:FAIR_0000157","groupNest":["http://www.bioassayexpress.org/bae#FAIR_0000001"],"propLabel":"geo ID","groupLabel":["library"]}],"labelsRemoved":[],"notesModified":{}}],"holdingIDList":[]}