{"assayID":40,"uniqueID":"pubmedCentral:6426959","text":"Sperm-inherited H3K27me3 impacts offspring transcription and development in C. elegans","notes":{},"schemaURI":"http://www.bioassayontology.org/bas/NextGenSeq#","annotations":[],"pubchemXRef":[],"curationTime":1555106261196,"curatorID":"trusted:anyone","history":[{"curationTime":1555106261196,"curatorID":"trusted:anyone","uniqueIDPatch":"@@ -1,21 +0,0 @@\n-pubmedCentral:6426959\n","textPatch":"@@ -1,86 +0,0 @@\n-Sperm-inherited H3K27me3 impacts offspring transcription and development in C. elegans\n","annotsAdded":[],"annotsRemoved":[],"labelsAdded":[],"labelsRemoved":[],"notesModified":{}}],"holdingIDList":[]}