{"assayID":53,"uniqueID":"pubmedCentral:6369805","text":"Optofluidic real-time cell sorter for longitudinal CTC studies in mouse models of cancer","notes":{},"schemaURI":"http://www.bioassayontology.org/bas/NextGenSeq#","annotations":[],"pubchemXRef":[],"curationTime":1555106569703,"curatorID":"trusted:anyone","history":[{"curationTime":1555106569703,"curatorID":"trusted:anyone","uniqueIDPatch":"@@ -1,21 +0,0 @@\n-pubmedCentral:6369805\n","textPatch":"@@ -1,88 +0,0 @@\n-Optofluidic real-time cell sorter for longitudinal CTC studies in mouse models of cancer\n","annotsAdded":[],"annotsRemoved":[],"labelsAdded":[],"labelsRemoved":[],"notesModified":{}}],"holdingIDList":[]}