{"assayID":49,"uniqueID":"pubmedCentral:6379685","text":"MiR-146a wild-type 3\u2032 sequence identity is dispensable for proper innate immune function in vivo","notes":{},"schemaURI":"http://www.bioassayontology.org/bas/NextGenSeq#","annotations":[],"pubchemXRef":[],"curationTime":1555106481554,"curatorID":"trusted:anyone","history":[{"curationTime":1555106481554,"curatorID":"trusted:anyone","uniqueIDPatch":"@@ -1,21 +0,0 @@\n-pubmedCentral:6379685\n","textPatch":"@@ -1,96 +0,0 @@\n-MiR-146a wild-type 3%E2%80%B2 sequence identity is dispensable for proper innate immune function in vivo\n","annotsAdded":[],"annotsRemoved":[],"labelsAdded":[],"labelsRemoved":[],"notesModified":{}}],"holdingIDList":[]}