{"assayID":62,"uniqueID":"pubmedCentral:5930001","text":"Role for Wnt signaling in retinal neuropil development: analysis via RNAseq and in vivo somatic CRISPR mutagenesis","notes":{},"schemaURI":"http://www.bioassayontology.org/bas/NextGenSeq#","annotations":[],"pubchemXRef":[],"curationTime":1555106793052,"curatorID":"trusted:anyone","history":[{"curationTime":1555106793052,"curatorID":"trusted:anyone","uniqueIDPatch":"@@ -1,21 +0,0 @@\n-pubmedCentral:5930001\n","textPatch":"@@ -1,114 +0,0 @@\n-Role for Wnt signaling in retinal neuropil development: analysis via RNAseq and in vivo somatic CRISPR mutagenesis\n","annotsAdded":[],"annotsRemoved":[],"labelsAdded":[],"labelsRemoved":[],"notesModified":{}}],"holdingIDList":[]}