{"assayID":2,"uniqueID":"pubmedCentral:6417861","text":"Aurora A depletion reveals centrosome-independent polarization mechanism in Caenorhabditis elegans\n\nAbstract\nHow living systems break symmetry in an organized manner is a fundamental question in biology. In wild-type Caenorhabditis elegans zygotes, symmetry breaking during anterior-posterior axis specification is guided by centrosomes, resulting in anterior-directed cortical flows and a single posterior PAR-2 domain. We uncover that C. elegans zygotes depleted of the Aurora A kinase AIR-1 or lacking centrosomes entirely usually establish two posterior PAR-2 domains, one at each pole. We demonstrate that AIR-1 prevents symmetry breaking early in the cell cycle, whereas centrosomal AIR-1 instructs polarity initiation thereafter. Using triangular microfabricated chambers, we establish that bipolarity of air-1(RNAi) embryos occurs effectively in a cell-shape and curvature-dependent manner. Furthermore, we develop an integrated physical description of symmetry breaking, wherein local PAR-2-dependent weakening of the actin cortex, together with mutual inhibition of anterior and posterior PAR proteins, provides a mechanism for spontaneous symmetry breaking without centrosomes.\n\nResearch organism: C. elegans\n\nMaterials and methods\nWorm strains\nNematodes were maintained at 24°C using standard protocols (Brenner, 1974). Worms carrying temperature-sensitive mutations were maintained at the permissive temperature (16°C) and shifted to the restrictive temperature (24°C) for 24 hr prior to imaging. See Supplementary file 1 for the list of worm strains used in this study. New transgenic worm strains were generated as described just hereafter:\n\nThe GBP::mCherry::AIR-1 construct was obtained by inserting the mCherry coding sequence at the 3\u2019-end of the GFP-binding protein (GBP) coding sequence, obtained from the pAOD-VHHGFP4 vector (a kind gift from Aurelien Olichon), followed by codon optimized RNAi-resistant air-1 cDNA (a kind gift from Asako Sugimoto). Flexible linkers encoding thirteen amino acids (GAGAGAGAGAFSV) were inserted between GBP and mCherry cDNAs, as well as between mCherry and AIR-1 cDNAs. The corresponding integrated transgenic line was generated by microparticle bombardment of unc-119(ed3) mutant worms (Praitis et al., 2001).\n\nCRISPR/Cas9-mediated genome editing was used as described previously (Dickinson et al., 2015) to insert tagRFP-T in frame at the 5' of the sas-7 locus. To target Cas9 to the sas-7 locus, the 5'gcttaaaatcaactcaccg(TGG)3' −19 bp targeting sequence was inserted into the Cas9-sgRNA construct (pDD162) (Addgene). Homologous repair template for insertion of the self-excising selection cassette (SEC) was generated by modifying the pDD284 (Addgene) vector using Gibson assembly. Left and right homology arms of 655 bp and 652 bp were PCR-amplified, before insertion into pDD284 (Addgene) opened using ClaI, SpeI and PsiI to remove the Flag tag from the original vector. A silent mutation in the PAM motif (5'TGG3' -->5'TAG') was introduced to prevent repair template cutting and a 5'CACTCCACTGGAACCTCTAGA3'−21 bp linker was added between the tagRFP and sas-7 coding sequences. An injection mix containing 50 ng/μl targeting vector, 50 ng/μl homologous repair template, 10 ng/μl pGH8 (Prab-3::mcherry::unc-54 3'UTR) (Addgene), 5 ng/μl pCFJ104 (Addgene) (Pmyo-3::mcherry::unc-54 3'UTR) and 2.5 ng/μl pCFJ90 (Pmyo-2::mcherry::unc-54 3'UTR) (Addgene) was micro-injected into the gonads of wild type (N2) worms. Selection of insertion events and removal of the SEC cassette was performed as described (Dickinson et al., 2015).\n\nA similar strategy was used to tag endogenous SPD-2 with RFP. The 5'tgttcattacagagattcat(TGG)3'−21 bp targeting sequence was cloned into the pDD162 (Addgene) vector and pDD286 (Addgene) was modified using Gibson assembly and Q5-directed mutagenesis to generate the homologous repair template. PCR amplified 639bp-left and 667bp-right homology arms were inserted into pDD286 (Addgene) digested with ClaI and NgoMIV; six silent mutations were introduced in the targeted sequence and the PAM site 5'tgctcgttgcacaggttcat(GGG)'3. As described above, an appropriate injection mix was micro-injected in the gonads of wild type N2 worms; screening was performed as described (Dickinson et al., 2015).\n\nRNAi\nRNAi-mediated depletion was performed essentially as described (Kamath et al., 2001), using bacterial feeding strains from the Ahringer (Kamath and Ahringer, 2003) or Vidal libraries (Rual et al., 2004) (the latter a gift from Jean-François Rual and Marc Vidal). The bacterial feeding strain for depleting specifically endogenous AIR-1 without affecting air-1 RNAi resistant transgene (tjls173 and tjls188) expression was a kind gift from Asako Sugimoto (Toya et al., 2011). The bacterial feeding strains used to deplete specifically endogenous PAR-2 in strains expressing RNAi-resistant par-2 transgenes (axIs1933, axIs1936, axIs1934) was a kind gift from Fumio Motegi and Geraldine Seydoux (Motegi et al., 2011).\n\nRNAi for air-1 (Vidal), rga-3 (Vidal), spd-2 (Vidal), spd-5 (Vidal) or par-2 (Ahringer) was performed by feeding L3-L4 animals with bacteria expressing the corresponding dsRNA at 24°C for 16\u201326 hr. In Figure 1\u2014figure supplement 1B, air-1(RNAi) was diluted 1:5 or 1:10 with bacteria expressing an empty vector (L4440). RNAi for tbg-1 (Ahringer) and tbg-1 +air-1 was performed by feeding L2-L3 animals with bacteria expressing dsRNAs at 20°C for 48 hr and imaging their embryos. RNAi for tba-2 (Ahringer) and tba-2 +air-1 was performed by feeding L3 animals with bacteria expressing dsRNA at 24°C for 30\u201336 hr and imaging their embryos. Strains carrying temperature sensitive mutations were shifted to the restrictive temperature (24°C) for 24 hr and RNAi performed as described above","notes":{},"schemaURI":"http://www.bioassayontology.org/bas/MIARE#","annotations":[{"propURI":"http://www.bioassayexpress.org/bae#FAIR_0000051","propLabel":"target organism","propAbbrev":"bae:FAIR_0000051","valueURI":"http://purl.obolibrary.org/obo/NCBITaxon_6239","valueLabel":"Caenorhabditis elegans","valueAbbrev":"obo:NCBITaxon_6239","valueDescr":"","groupNest":["http://www.bioassayexpress.org/bae#FAIR_0000042"],"groupLabel":["assay description"],"altLabels":["roundworm","Rhabditis elegans"],"valueHier":["http://www.bioassayontology.org/bao#BAO_0000511","http://www.bioassayontology.org/bao#BAO_0000659","http://www.bioassayontology.org/bao#BAO_0000509","http://www.bioassayontology.org/bao#BAO_0000658","http://www.bioassayontology.org/bao#BAO_0000551"],"labelHier":["invertebrate","metazoa","eukaryote","cellular organisms","organism"]}],"pubchemXRef":[],"curationTime":1554928076128,"curatorID":"trusted:anyone","history":[{"curationTime":1554924558873,"curatorID":"trusted:anyone","uniqueIDPatch":"@@ -1,21 +0,0 @@\n-pubmedCentral:6417861\n","textPatch":"@@ -1,5783 +0,0 @@\n-Aurora A depletion reveals centrosome-independent polarization mechanism in Caenorhabditis elegans%0A%0AAbstract%0AHow living systems break symmetry in an organized manner is a fundamental question in biology. In wild-type Caenorhabditis elegans zygotes, symmetry breaking during anterior-posterior axis specification is guided by centrosomes, resulting in anterior-directed cortical flows and a single posterior PAR-2 domain. We uncover that C. elegans zygotes depleted of the Aurora A kinase AIR-1 or lacking centrosomes entirely usually establish two posterior PAR-2 domains, one at each pole. We demonstrate that AIR-1 prevents symmetry breaking early in the cell cycle, whereas centrosomal AIR-1 instructs polarity initiation thereafter. Using triangular microfabricated chambers, we establish that bipolarity of air-1(RNAi) embryos occurs effectively in a cell-shape and curvature-dependent manner. Furthermore, we develop an integrated physical description of symmetry breaking, wherein local PAR-2-dependent weakening of the actin cortex, together with mutual inhibition of anterior and posterior PAR proteins, provides a mechanism for spontaneous symmetry breaking without centrosomes.%0A%0AResearch organism: C. elegans%0A%0AMaterials and methods%0AWorm strains%0ANematodes were maintained at 24%C2%B0C using standard protocols (Brenner, 1974). Worms carrying temperature-sensitive mutations were maintained at the permissive temperature (16%C2%B0C) and shifted to the restrictive temperature (24%C2%B0C) for 24 hr prior to imaging. See Supplementary file 1 for the list of worm strains used in this study. New transgenic worm strains were generated as described just hereafter:%0A%0AThe GBP::mCherry::AIR-1 construct was obtained by inserting the mCherry coding sequence at the 3%E2%80%99-end of the GFP-binding protein (GBP) coding sequence, obtained from the pAOD-VHHGFP4 vector (a kind gift from Aurelien Olichon), followed by codon optimized RNAi-resistant air-1 cDNA (a kind gift from Asako Sugimoto). Flexible linkers encoding thirteen amino acids (GAGAGAGAGAFSV) were inserted between GBP and mCherry cDNAs, as well as between mCherry and AIR-1 cDNAs. The corresponding integrated transgenic line was generated by microparticle bombardment of unc-119(ed3) mutant worms (Praitis et al., 2001).%0A%0ACRISPR/Cas9-mediated genome editing was used as described previously (Dickinson et al., 2015) to insert tagRFP-T in frame at the 5' of the sas-7 locus. To target Cas9 to the sas-7 locus, the 5'gcttaaaatcaactcaccg(TGG)3' %E2%88%9219 bp targeting sequence was inserted into the Cas9-sgRNA construct (pDD162) (Addgene). Homologous repair template for insertion of the self-excising selection cassette (SEC) was generated by modifying the pDD284 (Addgene) vector using Gibson assembly. Left and right homology arms of 655 bp and 652 bp were PCR-amplified, before insertion into pDD284 (Addgene) opened using ClaI, SpeI and PsiI to remove the Flag tag from the original vector. A silent mutation in the PAM motif (5'TGG3' --%3E5'TAG') was introduced to prevent repair template cutting and a 5'CACTCCACTGGAACCTCTAGA3'%E2%88%9221 bp linker was added between the tagRFP and sas-7 coding sequences. An injection mix containing 50 ng/%CE%BCl targeting vector, 50 ng/%CE%BCl homologous repair template, 10 ng/%CE%BCl pGH8 (Prab-3::mcherry::unc-54 3'UTR) (Addgene), 5 ng/%CE%BCl pCFJ104 (Addgene) (Pmyo-3::mcherry::unc-54 3'UTR) and 2.5 ng/%CE%BCl pCFJ90 (Pmyo-2::mcherry::unc-54 3'UTR) (Addgene) was micro-injected into the gonads of wild type (N2) worms. Selection of insertion events and removal of the SEC cassette was performed as described (Dickinson et al., 2015).%0A%0AA similar strategy was used to tag endogenous SPD-2 with RFP. The 5'tgttcattacagagattcat(TGG)3'%E2%88%9221 bp targeting sequence was cloned into the pDD162 (Addgene) vector and pDD286 (Addgene) was modified using Gibson assembly and Q5-directed mutagenesis to generate the homologous repair template. PCR amplified 639bp-left and 667bp-right homology arms were inserted into pDD286 (Addgene) digested with ClaI and NgoMIV; six silent mutations were introduced in the targeted sequence and the PAM site 5'tgctcgttgcacaggttcat(GGG)'3. As described above, an appropriate injection mix was micro-injected in the gonads of wild type N2 worms; screening was performed as described (Dickinson et al., 2015).%0A%0ARNAi%0ARNAi-mediated depletion was performed essentially as described (Kamath et al., 2001), using bacterial feeding strains from the Ahringer (Kamath and Ahringer, 2003) or Vidal libraries (Rual et al., 2004) (the latter a gift from Jean-Fran%C3%A7ois Rual and Marc Vidal). The bacterial feeding strain for depleting specifically endogenous AIR-1 without affecting air-1 RNAi resistant transgene (tjls173 and tjls188) expression was a kind gift from Asako Sugimoto (Toya et al., 2011). The bacterial feeding strains used to deplete specifically endogenous PAR-2 in strains expressing RNAi-resistant par-2 transgenes (axIs1933, axIs1936, axIs1934) was a kind gift from Fumio Motegi and Geraldine Seydoux (Motegi et al., 2011).%0A%0ARNAi for air-1 (Vidal), rga-3 (Vidal), spd-2 (Vidal), spd-5 (Vidal) or par-2 (Ahringer) was performed by feeding L3-L4 animals with bacteria expressing the corresponding dsRNA at 24%C2%B0C for 16%E2%80%9326 hr. In Figure 1%E2%80%94figure supplement 1B, air-1(RNAi) was diluted 1:5 or 1:10 with bacteria expressing an empty vector (L4440). RNAi for tbg-1 (Ahringer) and tbg-1 +air-1 was performed by feeding L2-L3 animals with bacteria expressing dsRNAs at 20%C2%B0C for 48 hr and imaging their embryos. RNAi for tba-2 (Ahringer) and tba-2 +air-1 was performed by feeding L3 animals with bacteria expressing dsRNA at 24%C2%B0C for 30%E2%80%9336 hr and imaging their embryos. Strains carrying temperature sensitive mutations were shifted to the restrictive temperature (24%C2%B0C) for 24 hr and RNAi performed as described above.\n","annotsAdded":[],"annotsRemoved":[],"labelsAdded":[],"labelsRemoved":[],"notesModified":{}},{"curationTime":1554928076128,"curatorID":"trusted:anyone","textPatch":"@@ -5759,24 +5759,25 @@\n ormed as described above\n+.\n","annotsAdded":[{"propURI":"http://www.bioassayexpress.org/bae#FAIR_0000051","propLabel":"target organism","propAbbrev":"bae:FAIR_0000051","valueURI":"http://purl.obolibrary.org/obo/NCBITaxon_6239","valueLabel":"Caenorhabditis elegans","valueAbbrev":"obo:NCBITaxon_6239","valueDescr":"","groupNest":["http://www.bioassayexpress.org/bae#FAIR_0000042"],"groupLabel":["assay description"],"altLabels":["roundworm","Rhabditis elegans"],"valueHier":["http://www.bioassayontology.org/bao#BAO_0000511","http://www.bioassayontology.org/bao#BAO_0000659","http://www.bioassayontology.org/bao#BAO_0000509","http://www.bioassayontology.org/bao#BAO_0000658","http://www.bioassayontology.org/bao#BAO_0000551"],"labelHier":["invertebrate","metazoa","eukaryote","cellular organisms","organism"]}],"annotsRemoved":[],"labelsAdded":[],"labelsRemoved":[],"notesModified":{}}],"holdingIDList":[]}