{"assayID":63,"uniqueID":"pubmedCentral:6042852","text":"Comprehensive Identification and Spatial Mapping of Habenular Neuronal Types Using Single-cell RNA-seq","notes":{},"schemaURI":"http://www.bioassayontology.org/bas/NextGenSeq#","annotations":[],"pubchemXRef":[],"curationTime":1555106812676,"curatorID":"trusted:anyone","history":[{"curationTime":1555106812676,"curatorID":"trusted:anyone","uniqueIDPatch":"@@ -1,21 +0,0 @@\n-pubmedCentral:6042852\n","textPatch":"@@ -1,102 +0,0 @@\n-Comprehensive Identification and Spatial Mapping of Habenular Neuronal Types Using Single-cell RNA-seq\n","annotsAdded":[],"annotsRemoved":[],"labelsAdded":[],"labelsRemoved":[],"notesModified":{}}],"holdingIDList":[]}