{"assayID":78,"uniqueID":"pubmedCentral:4350324","text":"The progesterone antagonist mifepristone/RU486 blocks the negative effect on life span caused by mating in female Drosophila","notes":{},"schemaURI":"http://www.bioassayontology.org/bas/NextGenSeq#","annotations":[],"pubchemXRef":[],"curationTime":1555107205864,"curatorID":"trusted:anyone","history":[{"curationTime":1555107205864,"curatorID":"trusted:anyone","uniqueIDPatch":"@@ -1,21 +0,0 @@\n-pubmedCentral:4350324\n","textPatch":"@@ -1,124 +0,0 @@\n-The progesterone antagonist mifepristone/RU486 blocks the negative effect on life span caused by mating in female Drosophila\n","annotsAdded":[],"annotsRemoved":[],"labelsAdded":[],"labelsRemoved":[],"notesModified":{}}],"holdingIDList":[]}