{"assayID":57,"uniqueID":"pubmedCentral:6338772","text":"Lsd1 as a therapeutic target in Gfi1-activated medulloblastoma","notes":{},"schemaURI":"http://www.bioassayontology.org/bas/NextGenSeq#","annotations":[],"pubchemXRef":[],"curationTime":1555106654554,"curatorID":"trusted:anyone","history":[{"curationTime":1555106654554,"curatorID":"trusted:anyone","uniqueIDPatch":"@@ -1,21 +0,0 @@\n-pubmedCentral:6338772\n","textPatch":"@@ -1,62 +0,0 @@\n-Lsd1 as a therapeutic target in Gfi1-activated medulloblastoma\n","annotsAdded":[],"annotsRemoved":[],"labelsAdded":[],"labelsRemoved":[],"notesModified":{}}],"holdingIDList":[]}