{"assayID":82,"uniqueID":"pubmedCentral:5069885","text":"High-throughput assessment of context-dependent effects of chromatin proteins","notes":{},"schemaURI":"http://www.bioassayontology.org/bas/NextGenSeq#","annotations":[],"pubchemXRef":[],"curationTime":1555107318942,"curatorID":"trusted:anyone","history":[{"curationTime":1555107318942,"curatorID":"trusted:anyone","uniqueIDPatch":"@@ -1,21 +0,0 @@\n-pubmedCentral:5069885\n","textPatch":"@@ -1,77 +0,0 @@\n-High-throughput assessment of context-dependent effects of chromatin proteins\n","annotsAdded":[],"annotsRemoved":[],"labelsAdded":[],"labelsRemoved":[],"notesModified":{}}],"holdingIDList":[]}