{"assayID":68,"uniqueID":"pubmedCentral:5854527","text":"Zebrafish Rfx4 controls dorsal and ventral midline formation in the neural tube","notes":{},"schemaURI":"http://www.bioassayontology.org/bas/NextGenSeq#","annotations":[],"pubchemXRef":[],"curationTime":1555106907627,"curatorID":"trusted:anyone","history":[{"curationTime":1555106907627,"curatorID":"trusted:anyone","uniqueIDPatch":"@@ -1,21 +0,0 @@\n-pubmedCentral:5854527\n","textPatch":"@@ -1,79 +0,0 @@\n-Zebrafish Rfx4 controls dorsal and ventral midline formation in the neural tube\n","annotsAdded":[],"annotsRemoved":[],"labelsAdded":[],"labelsRemoved":[],"notesModified":{}}],"holdingIDList":[]}