{"assayID":52,"uniqueID":"pubmedCentral:6368334","text":"Heme peroxidase HPX-2 protects Caenorhabditis elegans from pathogens","notes":{},"schemaURI":"http://www.bioassayontology.org/bas/NextGenSeq#","annotations":[{"propURI":"http://www.bioassayexpress.org/bae#FAIR_0000004","propLabel":"strategy","propAbbrev":"bae:FAIR_0000004","valueURI":"http://www.bioassayexpress.org/bae#FAIR_0001005","valueLabel":"RNA-Seq","valueAbbrev":"bae:FAIR_0001005","valueDescr":"Random sequencing of whole transcriptome","groupNest":["http://www.bioassayexpress.org/bae#FAIR_0000001"],"groupLabel":["library"],"valueHier":["http://www.bioassayexpress.org/bae#FAIR_0001001"],"labelHier":["strategy"]},{"propURI":"http://www.bioassayexpress.org/bae#FAIR_0000006","propLabel":"source","propAbbrev":"bae:FAIR_0000006","valueURI":"http://www.bioassayexpress.org/bae#FAIR_0001037","valueLabel":"transcriptomic","valueAbbrev":"bae:FAIR_0001037","valueDescr":"Transcription products or non genomic DNA (EST, cDNA, RT-PCR, screened libraries)","groupNest":["http://www.bioassayexpress.org/bae#FAIR_0000001"],"groupLabel":["library"],"valueHier":["http://www.bioassayexpress.org/bae#FAIR_0001035"],"labelHier":["library source"]},{"propURI":"http://www.bioassayexpress.org/bae#FAIR_0000007","propLabel":"selection","propAbbrev":"bae:FAIR_0000007","valueURI":"http://www.bioassayexpress.org/bae#FAIR_0001057","valueLabel":"cDNA","valueAbbrev":"bae:FAIR_0001057","valueDescr":"Complementary DNA","groupNest":["http://www.bioassayexpress.org/bae#FAIR_0000001"],"groupLabel":["library"],"valueHier":["http://www.bioassayexpress.org/bae#FAIR_0001044"],"labelHier":["library selection"]},{"propURI":"http://www.bioassayexpress.org/bae#FAIR_0000008","propLabel":"layout","propAbbrev":"bae:FAIR_0000008","valueURI":"http://www.bioassayexpress.org/bae#FAIR_0001079","valueLabel":"paired end","valueAbbrev":"bae:FAIR_0001079","valueDescr":"","groupNest":["http://www.bioassayexpress.org/bae#FAIR_0000001"],"groupLabel":["library"],"valueHier":["http://www.bioassayexpress.org/bae#FAIR_0001078"],"labelHier":["library layout"]},{"propURI":"http://www.bioassayontology.org/bao#BAO_0002865","propLabel":"instrument platform","propAbbrev":"bao:BAO_0002865","valueURI":"http://www.bioassayexpress.org/bae#FAIR_0001109","valueLabel":"Illumina HiSeq 4000","valueAbbrev":"bae:FAIR_0001109","valueDescr":"","groupNest":["http://www.bioassayexpress.org/bae#FAIR_0000001"],"groupLabel":["library"],"valueHier":["http://www.bioassayexpress.org/bae#FAIR_0001097","http://www.bioassayontology.org/bao#BAO_0000697"],"labelHier":["Illumina","detection instrument"]},{"propURI":"http://www.bioassayexpress.org/bae#FAIR_0000005","propLabel":"construction kit","propAbbrev":"bae:FAIR_0000005","valueURI":"http://www.bioassayontology.org/bat#Ambiguous","valueLabel":"ambiguous","valueAbbrev":"bat:Ambiguous","valueDescr":"The source information is ambiguous: there are multiple indeterminate possibilities.","groupNest":["http://www.bioassayexpress.org/bae#FAIR_0000001"],"groupLabel":["library"],"valueHier":["http://www.bioassayontology.org/bat#Absence"],"labelHier":["absence"]},{"propURI":"http://www.bioassayontology.org/bao#BAO_0002921","propLabel":"organism","propAbbrev":"bao:BAO_0002921","valueURI":"http://purl.obolibrary.org/obo/NCBITaxon_6239","valueLabel":"Caenorhabditis elegans","valueAbbrev":"obo:NCBITaxon_6239","valueDescr":"","groupNest":["http://www.bioassayexpress.org/bae#FAIR_0000003"],"groupLabel":["biosample details"],"altLabels":["roundworm","Rhabditis elegans"],"valueHier":["http://www.bioassayontology.org/bao#BAO_0000511","http://www.bioassayontology.org/bao#BAO_0000659","http://www.bioassayontology.org/bao#BAO_0000509","http://www.bioassayontology.org/bao#BAO_0000658","http://www.bioassayontology.org/bao#BAO_0000551"],"labelHier":["invertebrate","metazoa","eukaryote","cellular organisms","organism"]},{"propURI":"http://www.bioassayexpress.org/bae#FAIR_0000015","propLabel":"strain/isolate","propAbbrev":"bae:FAIR_0000015","valueURI":"http://www.bioassayexpress.com/bao_provisional#FAIR_0000195","valueLabel":"HPX-2 mutant","valueAbbrev":"user:FAIR_0000195","valueDescr":"","groupNest":["http://www.bioassayexpress.org/bae#FAIR_0000003"],"groupLabel":["biosample details"],"valueHier":["http://www.bioassayexpress.org/bae#FAIR_0001267"],"labelHier":["strain/isolate"]},{"propURI":"http://www.bioassayexpress.org/bae#FAIR_0000020","propLabel":"tissue","propAbbrev":"bae:FAIR_0000020","valueURI":"http://www.bioassayontology.org/bat#Unknown","valueLabel":"unknown","valueAbbrev":"bat:Unknown","valueDescr":"There should be a term assigned to this property but the value was not specified in the source information.","groupNest":["http://www.bioassayexpress.org/bae#FAIR_0000003"],"groupLabel":["biosample details"],"valueHier":["http://www.bioassayontology.org/bat#Absence"],"labelHier":["absence"]},{"propURI":"http://www.bioassayontology.org/bao#BAO_0002848","propLabel":"disease","propAbbrev":"bao:BAO_0002848","valueURI":"http://purl.obolibrary.org/obo/DOID_104","valueLabel":"bacterial infectious disease","valueAbbrev":"obo:DOID_104","valueDescr":"\nA disease by infectious agent that results_in infection, has_material_basis_in Bacteria.\n","groupNest":["http://www.bioassayexpress.org/bae#FAIR_0000003"],"groupLabel":["biosample details"],"valueHier":["http://purl.obolibrary.org/obo/DOID_0050117","http://purl.obolibrary.org/obo/DOID_4"],"labelHier":["disease by infectious agent","Disease"]},{"propURI":"http://www.bioassayontology.org/bao#BAO_0002848","propLabel":"disease","propAbbrev":"bao:BAO_0002848","valueURI":"http://purl.obolibrary.org/obo/DOID_0050117","valueLabel":"disease by infectious agent","valueAbbrev":"obo:DOID_0050117","valueDescr":"\nA disease that is the consequence of the presence of pathogenic microbial agents, including pathogenic viruses, pathogenic bacteria, fungi, protozoa, multicellular parasites, and aberrant proteins known as prions.\n","groupNest":["http://www.bioassayexpress.org/bae#FAIR_0000003"],"groupLabel":["biosample details"],"valueHier":["http://purl.obolibrary.org/obo/DOID_4"],"labelHier":["Disease"]},{"propURI":"http://www.bioassayexpress.org/bae#FAIR_0000019","valueLabel":"\"young adult\"","propAbbrev":"bae:FAIR_0000019","groupNest":["http://www.bioassayexpress.org/bae#FAIR_0000003"],"propLabel":"developmental stage","groupLabel":["biosample details"]}],"pubchemXRef":[],"curationTime":1555354707788,"curatorID":"trusted:anyone","history":[{"curationTime":1555106552823,"curatorID":"trusted:anyone","uniqueIDPatch":"@@ -1,21 +0,0 @@\n-pubmedCentral:6368334\n","textPatch":"@@ -1,68 +0,0 @@\n-Heme peroxidase HPX-2 protects Caenorhabditis elegans from pathogens\n","annotsAdded":[],"annotsRemoved":[],"labelsAdded":[],"labelsRemoved":[],"notesModified":{}},{"curationTime":1555354707788,"curatorID":"trusted:anyone","annotsAdded":[{"propURI":"http://www.bioassayontology.org/bao#BAO_0002865","propLabel":"instrument platform","propAbbrev":"bao:BAO_0002865","valueURI":"http://www.bioassayexpress.org/bae#FAIR_0001109","valueLabel":"Illumina HiSeq 4000","valueAbbrev":"bae:FAIR_0001109","valueDescr":"","groupNest":["http://www.bioassayexpress.org/bae#FAIR_0000001"],"groupLabel":["library"],"valueHier":["http://www.bioassayexpress.org/bae#FAIR_0001097","http://www.bioassayontology.org/bao#BAO_0000697"],"labelHier":["Illumina","detection instrument"]},{"propURI":"http://www.bioassayontology.org/bao#BAO_0002848","propLabel":"disease","propAbbrev":"bao:BAO_0002848","valueURI":"http://purl.obolibrary.org/obo/DOID_104","valueLabel":"bacterial infectious disease","valueAbbrev":"obo:DOID_104","valueDescr":"\nA disease by infectious agent that results_in infection, has_material_basis_in Bacteria.\n","groupNest":["http://www.bioassayexpress.org/bae#FAIR_0000003"],"groupLabel":["biosample details"],"valueHier":["http://purl.obolibrary.org/obo/DOID_0050117","http://purl.obolibrary.org/obo/DOID_4"],"labelHier":["disease by infectious agent","Disease"]},{"propURI":"http://www.bioassayexpress.org/bae#FAIR_0000005","propLabel":"construction kit","propAbbrev":"bae:FAIR_0000005","valueURI":"http://www.bioassayontology.org/bat#Ambiguous","valueLabel":"ambiguous","valueAbbrev":"bat:Ambiguous","valueDescr":"The source information is ambiguous: there are multiple indeterminate possibilities.","groupNest":["http://www.bioassayexpress.org/bae#FAIR_0000001"],"groupLabel":["library"],"valueHier":["http://www.bioassayontology.org/bat#Absence"],"labelHier":["absence"]},{"propURI":"http://www.bioassayexpress.org/bae#FAIR_0000006","propLabel":"source","propAbbrev":"bae:FAIR_0000006","valueURI":"http://www.bioassayexpress.org/bae#FAIR_0001037","valueLabel":"transcriptomic","valueAbbrev":"bae:FAIR_0001037","valueDescr":"Transcription products or non genomic DNA (EST, cDNA, RT-PCR, screened libraries)","groupNest":["http://www.bioassayexpress.org/bae#FAIR_0000001"],"groupLabel":["library"],"valueHier":["http://www.bioassayexpress.org/bae#FAIR_0001035"],"labelHier":["library source"]},{"propURI":"http://www.bioassayexpress.org/bae#FAIR_0000015","propLabel":"strain/isolate","propAbbrev":"bae:FAIR_0000015","valueURI":"http://www.bioassayexpress.com/bao_provisional#FAIR_0000195","valueLabel":"HPX-2 mutant","valueAbbrev":"user:FAIR_0000195","valueDescr":"","groupNest":["http://www.bioassayexpress.org/bae#FAIR_0000003"],"groupLabel":["biosample details"],"valueHier":["http://www.bioassayexpress.org/bae#FAIR_0001267"],"labelHier":["strain/isolate"]},{"propURI":"http://www.bioassayontology.org/bao#BAO_0002921","propLabel":"organism","propAbbrev":"bao:BAO_0002921","valueURI":"http://purl.obolibrary.org/obo/NCBITaxon_6239","valueLabel":"Caenorhabditis elegans","valueAbbrev":"obo:NCBITaxon_6239","valueDescr":"","groupNest":["http://www.bioassayexpress.org/bae#FAIR_0000003"],"groupLabel":["biosample details"],"altLabels":["roundworm","Rhabditis elegans"],"valueHier":["http://www.bioassayontology.org/bao#BAO_0000511","http://www.bioassayontology.org/bao#BAO_0000659","http://www.bioassayontology.org/bao#BAO_0000509","http://www.bioassayontology.org/bao#BAO_0000658","http://www.bioassayontology.org/bao#BAO_0000551"],"labelHier":["invertebrate","metazoa","eukaryote","cellular organisms","organism"]},{"propURI":"http://www.bioassayontology.org/bao#BAO_0002848","propLabel":"disease","propAbbrev":"bao:BAO_0002848","valueURI":"http://purl.obolibrary.org/obo/DOID_0050117","valueLabel":"disease by infectious agent","valueAbbrev":"obo:DOID_0050117","valueDescr":"\nA disease that is the consequence of the presence of pathogenic microbial agents, including pathogenic viruses, pathogenic bacteria, fungi, protozoa, multicellular parasites, and aberrant proteins known as prions.\n","groupNest":["http://www.bioassayexpress.org/bae#FAIR_0000003"],"groupLabel":["biosample details"],"valueHier":["http://purl.obolibrary.org/obo/DOID_4"],"labelHier":["Disease"]},{"propURI":"http://www.bioassayexpress.org/bae#FAIR_0000007","propLabel":"selection","propAbbrev":"bae:FAIR_0000007","valueURI":"http://www.bioassayexpress.org/bae#FAIR_0001057","valueLabel":"cDNA","valueAbbrev":"bae:FAIR_0001057","valueDescr":"Complementary DNA","groupNest":["http://www.bioassayexpress.org/bae#FAIR_0000001"],"groupLabel":["library"],"valueHier":["http://www.bioassayexpress.org/bae#FAIR_0001044"],"labelHier":["library selection"]},{"propURI":"http://www.bioassayexpress.org/bae#FAIR_0000004","propLabel":"strategy","propAbbrev":"bae:FAIR_0000004","valueURI":"http://www.bioassayexpress.org/bae#FAIR_0001005","valueLabel":"RNA-Seq","valueAbbrev":"bae:FAIR_0001005","valueDescr":"Random sequencing of whole transcriptome","groupNest":["http://www.bioassayexpress.org/bae#FAIR_0000001"],"groupLabel":["library"],"valueHier":["http://www.bioassayexpress.org/bae#FAIR_0001001"],"labelHier":["strategy"]},{"propURI":"http://www.bioassayexpress.org/bae#FAIR_0000008","propLabel":"layout","propAbbrev":"bae:FAIR_0000008","valueURI":"http://www.bioassayexpress.org/bae#FAIR_0001079","valueLabel":"paired end","valueAbbrev":"bae:FAIR_0001079","valueDescr":"","groupNest":["http://www.bioassayexpress.org/bae#FAIR_0000001"],"groupLabel":["library"],"valueHier":["http://www.bioassayexpress.org/bae#FAIR_0001078"],"labelHier":["library layout"]},{"propURI":"http://www.bioassayexpress.org/bae#FAIR_0000020","propLabel":"tissue","propAbbrev":"bae:FAIR_0000020","valueURI":"http://www.bioassayontology.org/bat#Unknown","valueLabel":"unknown","valueAbbrev":"bat:Unknown","valueDescr":"There should be a term assigned to this property but the value was not specified in the source information.","groupNest":["http://www.bioassayexpress.org/bae#FAIR_0000003"],"groupLabel":["biosample details"],"valueHier":["http://www.bioassayontology.org/bat#Absence"],"labelHier":["absence"]}],"annotsRemoved":[],"labelsAdded":[{"propURI":"http://www.bioassayexpress.org/bae#FAIR_0000019","valueLabel":"\"young adult\"","propAbbrev":"bae:FAIR_0000019","groupNest":["http://www.bioassayexpress.org/bae#FAIR_0000003"],"propLabel":"developmental stage","groupLabel":["biosample details"]}],"labelsRemoved":[],"notesModified":{}}],"holdingIDList":[]}