{"assayID":69,"uniqueID":"pubmedCentral:5860863","text":"The Diabetes Gene and Wnt Pathway Effector TCF7L2 Regulates Adipocyte Development and Function","notes":{},"schemaURI":"http://www.bioassayontology.org/bas/NextGenSeq#","annotations":[],"pubchemXRef":[],"curationTime":1555106928731,"curatorID":"trusted:anyone","history":[{"curationTime":1555106928731,"curatorID":"trusted:anyone","uniqueIDPatch":"@@ -1,21 +0,0 @@\n-pubmedCentral:5860863\n","textPatch":"@@ -1,94 +0,0 @@\n-The Diabetes Gene and Wnt Pathway Effector TCF7L2 Regulates Adipocyte Development and Function\n","annotsAdded":[],"annotsRemoved":[],"labelsAdded":[],"labelsRemoved":[],"notesModified":{}}],"holdingIDList":[]}