{"assayID":73,"uniqueID":"pubmedCentral:6169884","text":"A massively parallel reporter assay reveals context-dependent activity of homeodomain binding sites in vivo","notes":{},"schemaURI":"http://www.bioassayontology.org/bas/NextGenSeq#","annotations":[],"pubchemXRef":[],"curationTime":1555107010671,"curatorID":"trusted:anyone","history":[{"curationTime":1555107010671,"curatorID":"trusted:anyone","uniqueIDPatch":"@@ -1,21 +0,0 @@\n-pubmedCentral:6169884\n","textPatch":"@@ -1,107 +0,0 @@\n-A massively parallel reporter assay reveals context-dependent activity of homeodomain binding sites in vivo\n","annotsAdded":[],"annotsRemoved":[],"labelsAdded":[],"labelsRemoved":[],"notesModified":{}}],"holdingIDList":[]}