{"assayID":66,"uniqueID":"pubmedCentral:5882560","text":"TRIM59 promotes gliomagenesis by inhibiting TC45 dephosphorylation of STAT3","notes":{},"schemaURI":"http://www.bioassayontology.org/bas/NextGenSeq#","annotations":[],"pubchemXRef":[],"curationTime":1555106865535,"curatorID":"trusted:anyone","history":[{"curationTime":1555106865535,"curatorID":"trusted:anyone","uniqueIDPatch":"@@ -1,21 +0,0 @@\n-pubmedCentral:5882560\n","textPatch":"@@ -1,75 +0,0 @@\n-TRIM59 promotes gliomagenesis by inhibiting TC45 dephosphorylation of STAT3\n","annotsAdded":[],"annotsRemoved":[],"labelsAdded":[],"labelsRemoved":[],"notesModified":{}}],"holdingIDList":[]}