{"assayID":85,"uniqueID":"pubmedCentral:5207178","text":"RNA Sequencing Reveals a Role of TonEBP Transcription Factor in Regulation of Pro-inflammatory Genes in Response to Hyperosmolarity in Healthy Nucleus Pulposus Cells: A HOMEOSTATIC RESPONSE?","notes":{},"schemaURI":"http://www.bioassayontology.org/bas/NextGenSeq#","annotations":[],"pubchemXRef":[],"curationTime":1555107424841,"curatorID":"trusted:anyone","history":[{"curationTime":1555107424841,"curatorID":"trusted:anyone","uniqueIDPatch":"@@ -1,21 +0,0 @@\n-pubmedCentral:5207178\n","textPatch":"@@ -1,190 +0,0 @@\n-RNA Sequencing Reveals a Role of TonEBP Transcription Factor in Regulation of Pro-inflammatory Genes in Response to Hyperosmolarity in Healthy Nucleus Pulposus Cells: A HOMEOSTATIC RESPONSE?\n","annotsAdded":[],"annotsRemoved":[],"labelsAdded":[],"labelsRemoved":[],"notesModified":{}}],"holdingIDList":[]}