{"assayID":37,"uniqueID":"pubmedCentral:4741300","text":"TET\u2010catalyzed oxidation of intragenic 5\u2010methylcytosine regulates CTCF\u2010dependent alternative splicing","notes":{},"schemaURI":"http://www.bioassayontology.org/bas/NextGenSeq#","annotations":[],"pubchemXRef":[],"curationTime":1555106170460,"curatorID":"trusted:anyone","history":[{"curationTime":1555106170460,"curatorID":"trusted:anyone","uniqueIDPatch":"@@ -1,21 +0,0 @@\n-pubmedCentral:4741300\n","textPatch":"@@ -1,100 +0,0 @@\n-TET%E2%80%90catalyzed oxidation of intragenic 5%E2%80%90methylcytosine regulates CTCF%E2%80%90dependent alternative splicing\n","annotsAdded":[],"annotsRemoved":[],"labelsAdded":[],"labelsRemoved":[],"notesModified":{}}],"holdingIDList":[]}