{"assayID":54,"uniqueID":"pubmedCentral:6358101","text":"The nuclear hormone receptor NHR-86 controls anti-pathogen responses in C. elegans","notes":{},"schemaURI":"http://www.bioassayontology.org/bas/NextGenSeq#","annotations":[],"pubchemXRef":[],"curationTime":1555106593940,"curatorID":"trusted:anyone","history":[{"curationTime":1555106593940,"curatorID":"trusted:anyone","uniqueIDPatch":"@@ -1,21 +0,0 @@\n-pubmedCentral:6358101\n","textPatch":"@@ -1,82 +0,0 @@\n-The nuclear hormone receptor NHR-86 controls anti-pathogen responses in C. elegans\n","annotsAdded":[],"annotsRemoved":[],"labelsAdded":[],"labelsRemoved":[],"notesModified":{}}],"holdingIDList":[]}