{"assayID":41,"uniqueID":"pubmedCentral:6426841","text":"Reversible histone glycation is associated with disease-related changes in chromatin architecture","notes":{},"schemaURI":"http://www.bioassayontology.org/bas/NextGenSeq#","annotations":[],"pubchemXRef":[],"curationTime":1555106297048,"curatorID":"trusted:anyone","history":[{"curationTime":1555106297048,"curatorID":"trusted:anyone","uniqueIDPatch":"@@ -1,21 +0,0 @@\n-pubmedCentral:6426841\n","textPatch":"@@ -1,97 +0,0 @@\n-Reversible histone glycation is associated with disease-related changes in chromatin architecture\n","annotsAdded":[],"annotsRemoved":[],"labelsAdded":[],"labelsRemoved":[],"notesModified":{}}],"holdingIDList":[]}