{"assayID":42,"uniqueID":"pubmedCentral:6423285","text":"UFL1 promotes histone H4 ufmylation and ATM activation\n\nAbstract\nThe ataxia-telangiectasia mutated (ATM) kinase, an upstream kinase of the DNA damage response (DDR), is rapidly activated following DNA damage, and phosphorylates its downstream targets to launch DDR signaling. However, the mechanism of ATM activation is still not completely understood. Here we report that UFM1 specific ligase 1 (UFL1), an ufmylation E3 ligase, is important for ATM activation. UFL1 is recruited to double strand breaks by the MRE11/RAD50/NBS1 complex, and monoufmylates histone H4 following DNA damage. Monoufmylated histone H4 is important for Suv39h1 and Tip60 recruitment. Furthermore, ATM phosphorylates UFL1 at serine 462, enhancing UFL1 E3 ligase activity and promoting ATM activation in a positive feedback loop. These findings reveal that ufmylation of histone H4 by UFL1 is an important step for amplification of ATM activation and maintenance of genomic integrity.","notes":{},"schemaURI":"http://www.bioassayontology.org/bas/NextGenSeq#","annotations":[{"propURI":"http://www.bioassayexpress.org/bae#FAIR_0000004","propLabel":"strategy","propAbbrev":"bae:FAIR_0000004","valueURI":"http://www.bioassayexpress.org/bae#FAIR_0001005","valueLabel":"RNA-Seq","valueAbbrev":"bae:FAIR_0001005","valueDescr":"Random sequencing of whole transcriptome","groupNest":["http://www.bioassayexpress.org/bae#FAIR_0000001"],"groupLabel":["library"],"valueHier":["http://www.bioassayexpress.org/bae#FAIR_0001001"],"labelHier":["strategy"]},{"propURI":"http://www.bioassayexpress.org/bae#FAIR_0000005","propLabel":"construction kit","propAbbrev":"bae:FAIR_0000005","valueURI":"http://www.bioassayexpress.com/bao_provisional#FAIR_0000149","valueLabel":"Illumina TruSeq RNA Sample prep kit","valueAbbrev":"user:FAIR_0000149","valueDescr":"","groupNest":["http://www.bioassayexpress.org/bae#FAIR_0000001"],"groupLabel":["library"],"valueHier":["http://www.bioassayexpress.org/bae#FAIR_0001264"],"labelHier":["construction kit"]},{"propURI":"http://www.bioassayexpress.org/bae#FAIR_0000006","propLabel":"source","propAbbrev":"bae:FAIR_0000006","valueURI":"http://www.bioassayexpress.org/bae#FAIR_0001037","valueLabel":"transcriptomic","valueAbbrev":"bae:FAIR_0001037","valueDescr":"Transcription products or non genomic DNA (EST, cDNA, RT-PCR, screened libraries)","groupNest":["http://www.bioassayexpress.org/bae#FAIR_0000001"],"groupLabel":["library"],"valueHier":["http://www.bioassayexpress.org/bae#FAIR_0001035"],"labelHier":["library source"]},{"propURI":"http://www.bioassayexpress.org/bae#FAIR_0000007","propLabel":"selection","propAbbrev":"bae:FAIR_0000007","valueURI":"http://www.bioassayexpress.org/bae#FAIR_0001057","valueLabel":"cDNA","valueAbbrev":"bae:FAIR_0001057","valueDescr":"Complementary DNA","groupNest":["http://www.bioassayexpress.org/bae#FAIR_0000001"],"groupLabel":["library"],"valueHier":["http://www.bioassayexpress.org/bae#FAIR_0001044"],"labelHier":["library selection"]},{"propURI":"http://www.bioassayexpress.org/bae#FAIR_0000008","propLabel":"layout","propAbbrev":"bae:FAIR_0000008","valueURI":"http://www.bioassayexpress.org/bae#FAIR_0001079","valueLabel":"paired end","valueAbbrev":"bae:FAIR_0001079","valueDescr":"","groupNest":["http://www.bioassayexpress.org/bae#FAIR_0000001"],"groupLabel":["library"],"valueHier":["http://www.bioassayexpress.org/bae#FAIR_0001078"],"labelHier":["library layout"]},{"propURI":"http://www.bioassayontology.org/bao#BAO_0002865","propLabel":"instrument platform","propAbbrev":"bao:BAO_0002865","valueURI":"http://www.bioassayexpress.org/bae#FAIR_0001109","valueLabel":"Illumina HiSeq 4000","valueAbbrev":"bae:FAIR_0001109","valueDescr":"","groupNest":["http://www.bioassayexpress.org/bae#FAIR_0000001"],"groupLabel":["library"],"valueHier":["http://www.bioassayexpress.org/bae#FAIR_0001097","http://www.bioassayontology.org/bao#BAO_0000697"],"labelHier":["Illumina","detection instrument"]},{"propURI":"http://www.bioassayontology.org/bao#BAO_0000205","propLabel":"format","propAbbrev":"bao:BAO_0000205","valueURI":"http://www.bioassayontology.org/bao#BAO_0000219","valueLabel":"cell based format","valueAbbrev":"bao:BAO_0000219","valueDescr":"Involves the use of living cells of eukaryotic origin, derived from a multicellular organism, and is a heterogeneous assay type. Typically, this refers to permanent (immortal) cell lines, or primary cells, or some form of stem cells. This is distinct from a single-celled organism-based format (classically bacteria or yeast).","groupNest":["http://www.bioassayexpress.org/bae#FAIR_0000002"],"groupLabel":["biosample package"],"valueHier":["http://www.bioassayontology.org/bao#BAO_0000019"],"labelHier":["assay format"]},{"propURI":"http://www.bioassayexpress.org/bae#FAIR_0000012","propLabel":"type","propAbbrev":"bae:FAIR_0000012","valueURI":"http://www.bioassayexpress.org/bae#FAIR_0001161","valueLabel":"human","valueAbbrev":"bae:FAIR_0001161","valueDescr":"","groupNest":["http://www.bioassayexpress.org/bae#FAIR_0000002"],"groupLabel":["biosample package"],"valueHier":["http://www.bioassayexpress.org/bae#FAIR_0001157"],"labelHier":["biosample type"]},{"propURI":"http://www.bioassayexpress.org/bae#FAIR_0000014","propLabel":"geographic origin","propAbbrev":"bae:FAIR_0000014","valueURI":"http://www.bioassayontology.org/bat#Unknown","valueLabel":"unknown","valueAbbrev":"bat:Unknown","valueDescr":"There should be a term assigned to this property but the value was not specified in the source information.","groupNest":["http://www.bioassayexpress.org/bae#FAIR_0000003"],"groupLabel":["biosample details"],"valueHier":["http://www.bioassayontology.org/bat#Absence"],"labelHier":["absence"]},{"propURI":"http://www.bioassayontology.org/bao#BAO_0002921","propLabel":"organism","propAbbrev":"bao:BAO_0002921","valueURI":"http://purl.obolibrary.org/obo/NCBITaxon_9606","valueLabel":"Homo sapiens","valueAbbrev":"obo:NCBITaxon_9606","valueDescr":"","groupNest":["http://www.bioassayexpress.org/bae#FAIR_0000003"],"groupLabel":["biosample details"],"altLabels":["man","human"],"valueHier":["http://www.bioassayontology.org/bao#BAO_0000362","http://www.bioassayontology.org/bao#BAO_0000510","http://www.bioassayontology.org/bao#BAO_0000659","http://www.bioassayontology.org/bao#BAO_0000509","http://www.bioassayontology.org/bao#BAO_0000658","http://www.bioassayontology.org/bao#BAO_0000551"],"labelHier":["mammalian","vertebrate","metazoa","eukaryote","cellular organisms","organism"]},{"propURI":"http://www.bioassayexpress.org/bae#FAIR_0000015","propLabel":"strain/isolate","propAbbrev":"bae:FAIR_0000015","valueURI":"http://www.bioassayontology.org/bat#NotApplicable","valueLabel":"not applicable","valueAbbrev":"bat:NotApplicable","valueDescr":"This property does not apply to this assay.","groupNest":["http://www.bioassayexpress.org/bae#FAIR_0000003"],"groupLabel":["biosample details"],"valueHier":["http://www.bioassayontology.org/bat#Absence"],"labelHier":["absence"]},{"propURI":"http://www.bioassayexpress.org/bae#FAIR_0000016","propLabel":"host","propAbbrev":"bae:FAIR_0000016","valueURI":"http://www.bioassayontology.org/bat#NotApplicable","valueLabel":"not applicable","valueAbbrev":"bat:NotApplicable","valueDescr":"This property does not apply to this assay.","groupNest":["http://www.bioassayexpress.org/bae#FAIR_0000003"],"groupLabel":["biosample details"],"valueHier":["http://www.bioassayontology.org/bat#Absence"],"labelHier":["absence"]},{"propURI":"http://www.bioassayexpress.org/bae#FAIR_0000019","propLabel":"developmental stage","propAbbrev":"bae:FAIR_0000019","valueURI":"http://www.bioassayontology.org/bat#NotApplicable","valueLabel":"not applicable","valueAbbrev":"bat:NotApplicable","valueDescr":"This property does not apply to this assay.","groupNest":["http://www.bioassayexpress.org/bae#FAIR_0000003"],"groupLabel":["biosample details"],"valueHier":["http://www.bioassayontology.org/bat#Absence"],"labelHier":["absence"]},{"propURI":"http://www.bioassayexpress.org/bae#FAIR_0000013","propLabel":"biomaterial provider","propAbbrev":"bae:FAIR_0000013","valueURI":"http://www.bioassayexpress.com/bao_provisional#FAIR_0000187","valueLabel":"ATCC  (American Type Culture Collection)","valueAbbrev":"user:FAIR_0000187","valueDescr":"","groupNest":["http://www.bioassayexpress.org/bae#FAIR_0000002"],"groupLabel":["biosample package"],"valueHier":["http://www.bioassayexpress.org/bae#FAIR_0001265"],"labelHier":["biomaterial provider"]},{"propURI":"http://www.bioassayexpress.org/bae#FAIR_0000017","propLabel":"age","propAbbrev":"bae:FAIR_0000017","valueURI":"http://www.bioassayontology.org/bat#Ambiguous","valueLabel":"ambiguous","valueAbbrev":"bat:Ambiguous","valueDescr":"The source information is ambiguous: there are multiple indeterminate possibilities.","groupNest":["http://www.bioassayexpress.org/bae#FAIR_0000003"],"groupLabel":["biosample details"],"valueHier":["http://www.bioassayontology.org/bat#Absence"],"labelHier":["absence"]},{"propURI":"http://www.bioassayexpress.org/bae#FAIR_0000018","propLabel":"sex","propAbbrev":"bae:FAIR_0000018","valueURI":"http://www.bioassayontology.org/bat#Ambiguous","valueLabel":"ambiguous","valueAbbrev":"bat:Ambiguous","valueDescr":"The source information is ambiguous: there are multiple indeterminate possibilities.","groupNest":["http://www.bioassayexpress.org/bae#FAIR_0000003"],"groupLabel":["biosample details"],"valueHier":["http://www.bioassayontology.org/bat#Absence"],"labelHier":["absence"]},{"propURI":"http://www.bioassayexpress.org/bae#FAIR_0000020","propLabel":"tissue","propAbbrev":"bae:FAIR_0000020","valueURI":"http://www.bioassayontology.org/bat#Ambiguous","valueLabel":"ambiguous","valueAbbrev":"bat:Ambiguous","valueDescr":"The source information is ambiguous: there are multiple indeterminate possibilities.","groupNest":["http://www.bioassayexpress.org/bae#FAIR_0000003"],"groupLabel":["biosample details"],"valueHier":["http://www.bioassayontology.org/bat#Absence"],"labelHier":["absence"]},{"propURI":"http://www.bioassayontology.org/bao#BAO_0002800","propLabel":"assay cell line","propAbbrev":"bao:BAO_0002800","valueURI":"http://purl.obolibrary.org/obo/BTO_0000970","valueLabel":"osteosarcoma cell","valueAbbrev":"obo:BTO_0000970","valueDescr":"A cell of a sarcoma derived from bone or containing bone tissue.","groupNest":["http://www.bioassayexpress.org/bae#FAIR_0000003"],"groupLabel":["biosample details"],"valueHier":["http://dto.org/DTO/DTO_000"],"labelHier":["BRENDA tissues and cell lines"]},{"propURI":"http://www.bioassayontology.org/bao#BAO_0002848","propLabel":"disease","propAbbrev":"bao:BAO_0002848","valueURI":"http://www.bioassayontology.org/bat#NotApplicable","valueLabel":"not applicable","valueAbbrev":"bat:NotApplicable","valueDescr":"This property does not apply to this assay.","groupNest":["http://www.bioassayexpress.org/bae#FAIR_0000003"],"groupLabel":["biosample details"],"valueHier":["http://www.bioassayontology.org/bat#Absence"],"labelHier":["absence"]},{"propURI":"http://www.bioassayexpress.org/bae#FAIR_0000021","propLabel":"phenotype","propAbbrev":"bae:FAIR_0000021","valueURI":"http://www.bioassayexpress.com/bao_provisional#FAIR_0000151","valueLabel":"wild type","valueAbbrev":"user:FAIR_0000151","valueDescr":"","groupNest":["http://www.bioassayexpress.org/bae#FAIR_0000003"],"groupLabel":["biosample details"],"valueHier":["http://www.bioassayexpress.org/bae#FAIR_0001273"],"labelHier":["phenotype"]},{"propURI":"http://www.bioassayexpress.org/bae#FAIR_0000010","valueLabel":"SRX5369048","propAbbrev":"bae:FAIR_0000010","groupNest":["http://www.bioassayexpress.org/bae#FAIR_0000002"],"propLabel":"sample ID","groupLabel":["biosample package"]},{"propURI":"http://www.bioassayexpress.org/bae#FAIR_0000157","valueLabel":"GSM3602006","propAbbrev":"bae:FAIR_0000157","groupNest":["http://www.bioassayexpress.org/bae#FAIR_0000001"],"propLabel":"geo ID","groupLabel":["library"]}],"pubchemXRef":[],"curationTime":1555350640198,"curatorID":"trusted:anyone","history":[{"curationTime":1555106322347,"curatorID":"trusted:anyone","uniqueIDPatch":"@@ -1,20 +0,0 @@\n-pubmedCentral:423285\n","textPatch":"@@ -1,54 +0,0 @@\n-UFL1 promotes histone H4 ufmylation and ATM activation\n","annotsAdded":[],"annotsRemoved":[],"labelsAdded":[],"labelsRemoved":[],"notesModified":{}},{"curationTime":1555350640198,"curatorID":"trusted:anyone","uniqueIDPatch":"@@ -11,9 +11,8 @@\n ral:\n-6\n 4232\n","textPatch":"@@ -51,909 +51,4 @@\n tion\n-%0A%0AAbstract%0AThe ataxia-telangiectasia mutated (ATM) kinase, an upstream kinase of the DNA damage response (DDR), is rapidly activated following DNA damage, and phosphorylates its downstream targets to launch DDR signaling. However, the mechanism of ATM activation is still not completely understood. Here we report that UFM1 specific ligase 1 (UFL1), an ufmylation E3 ligase, is important for ATM activation. UFL1 is recruited to double strand breaks by the MRE11/RAD50/NBS1 complex, and monoufmylates histone H4 following DNA damage. Monoufmylated histone H4 is important for Suv39h1 and Tip60 recruitment. Furthermore, ATM phosphorylates UFL1 at serine 462, enhancing UFL1 E3 ligase activity and promoting ATM activation in a positive feedback loop. These findings reveal that ufmylation of histone H4 by UFL1 is an important step for amplification of ATM activation and maintenance of genomic integrity.\n","annotsAdded":[{"propURI":"http://www.bioassayontology.org/bao#BAO_0002865","propLabel":"instrument platform","propAbbrev":"bao:BAO_0002865","valueURI":"http://www.bioassayexpress.org/bae#FAIR_0001109","valueLabel":"Illumina HiSeq 4000","valueAbbrev":"bae:FAIR_0001109","valueDescr":"","groupNest":["http://www.bioassayexpress.org/bae#FAIR_0000001"],"groupLabel":["library"],"valueHier":["http://www.bioassayexpress.org/bae#FAIR_0001097","http://www.bioassayontology.org/bao#BAO_0000697"],"labelHier":["Illumina","detection instrument"]},{"propURI":"http://www.bioassayexpress.org/bae#FAIR_0000017","propLabel":"age","propAbbrev":"bae:FAIR_0000017","valueURI":"http://www.bioassayontology.org/bat#Ambiguous","valueLabel":"ambiguous","valueAbbrev":"bat:Ambiguous","valueDescr":"The source information is ambiguous: there are multiple indeterminate possibilities.","groupNest":["http://www.bioassayexpress.org/bae#FAIR_0000003"],"groupLabel":["biosample details"],"valueHier":["http://www.bioassayontology.org/bat#Absence"],"labelHier":["absence"]},{"propURI":"http://www.bioassayexpress.org/bae#FAIR_0000006","propLabel":"source","propAbbrev":"bae:FAIR_0000006","valueURI":"http://www.bioassayexpress.org/bae#FAIR_0001037","valueLabel":"transcriptomic","valueAbbrev":"bae:FAIR_0001037","valueDescr":"Transcription products or non genomic DNA (EST, cDNA, RT-PCR, screened libraries)","groupNest":["http://www.bioassayexpress.org/bae#FAIR_0000001"],"groupLabel":["library"],"valueHier":["http://www.bioassayexpress.org/bae#FAIR_0001035"],"labelHier":["library source"]},{"propURI":"http://www.bioassayexpress.org/bae#FAIR_0000012","propLabel":"type","propAbbrev":"bae:FAIR_0000012","valueURI":"http://www.bioassayexpress.org/bae#FAIR_0001161","valueLabel":"human","valueAbbrev":"bae:FAIR_0001161","valueDescr":"","groupNest":["http://www.bioassayexpress.org/bae#FAIR_0000002"],"groupLabel":["biosample package"],"valueHier":["http://www.bioassayexpress.org/bae#FAIR_0001157"],"labelHier":["biosample type"]},{"propURI":"http://www.bioassayexpress.org/bae#FAIR_0000014","propLabel":"geographic origin","propAbbrev":"bae:FAIR_0000014","valueURI":"http://www.bioassayontology.org/bat#Unknown","valueLabel":"unknown","valueAbbrev":"bat:Unknown","valueDescr":"There should be a term assigned to this property but the value was not specified in the source information.","groupNest":["http://www.bioassayexpress.org/bae#FAIR_0000003"],"groupLabel":["biosample details"],"valueHier":["http://www.bioassayontology.org/bat#Absence"],"labelHier":["absence"]},{"propURI":"http://www.bioassayexpress.org/bae#FAIR_0000016","propLabel":"host","propAbbrev":"bae:FAIR_0000016","valueURI":"http://www.bioassayontology.org/bat#NotApplicable","valueLabel":"not applicable","valueAbbrev":"bat:NotApplicable","valueDescr":"This property does not apply to this assay.","groupNest":["http://www.bioassayexpress.org/bae#FAIR_0000003"],"groupLabel":["biosample details"],"valueHier":["http://www.bioassayontology.org/bat#Absence"],"labelHier":["absence"]},{"propURI":"http://www.bioassayontology.org/bao#BAO_0002848","propLabel":"disease","propAbbrev":"bao:BAO_0002848","valueURI":"http://www.bioassayontology.org/bat#NotApplicable","valueLabel":"not applicable","valueAbbrev":"bat:NotApplicable","valueDescr":"This property does not apply to this assay.","groupNest":["http://www.bioassayexpress.org/bae#FAIR_0000003"],"groupLabel":["biosample details"],"valueHier":["http://www.bioassayontology.org/bat#Absence"],"labelHier":["absence"]},{"propURI":"http://www.bioassayexpress.org/bae#FAIR_0000007","propLabel":"selection","propAbbrev":"bae:FAIR_0000007","valueURI":"http://www.bioassayexpress.org/bae#FAIR_0001057","valueLabel":"cDNA","valueAbbrev":"bae:FAIR_0001057","valueDescr":"Complementary DNA","groupNest":["http://www.bioassayexpress.org/bae#FAIR_0000001"],"groupLabel":["library"],"valueHier":["http://www.bioassayexpress.org/bae#FAIR_0001044"],"labelHier":["library selection"]},{"propURI":"http://www.bioassayexpress.org/bae#FAIR_0000005","propLabel":"construction kit","propAbbrev":"bae:FAIR_0000005","valueURI":"http://www.bioassayexpress.com/bao_provisional#FAIR_0000149","valueLabel":"Illumina TruSeq RNA Sample prep kit","valueAbbrev":"user:FAIR_0000149","valueDescr":"","groupNest":["http://www.bioassayexpress.org/bae#FAIR_0000001"],"groupLabel":["library"],"valueHier":["http://www.bioassayexpress.org/bae#FAIR_0001264"],"labelHier":["construction kit"]},{"propURI":"http://www.bioassayontology.org/bao#BAO_0000205","propLabel":"format","propAbbrev":"bao:BAO_0000205","valueURI":"http://www.bioassayontology.org/bao#BAO_0000219","valueLabel":"cell based format","valueAbbrev":"bao:BAO_0000219","valueDescr":"Involves the use of living cells of eukaryotic origin, derived from a multicellular organism, and is a heterogeneous assay type. Typically, this refers to permanent (immortal) cell lines, or primary cells, or some form of stem cells. This is distinct from a single-celled organism-based format (classically bacteria or yeast).","groupNest":["http://www.bioassayexpress.org/bae#FAIR_0000002"],"groupLabel":["biosample package"],"valueHier":["http://www.bioassayontology.org/bao#BAO_0000019"],"labelHier":["assay format"]},{"propURI":"http://www.bioassayexpress.org/bae#FAIR_0000020","propLabel":"tissue","propAbbrev":"bae:FAIR_0000020","valueURI":"http://www.bioassayontology.org/bat#Ambiguous","valueLabel":"ambiguous","valueAbbrev":"bat:Ambiguous","valueDescr":"The source information is ambiguous: there are multiple indeterminate possibilities.","groupNest":["http://www.bioassayexpress.org/bae#FAIR_0000003"],"groupLabel":["biosample details"],"valueHier":["http://www.bioassayontology.org/bat#Absence"],"labelHier":["absence"]},{"propURI":"http://www.bioassayontology.org/bao#BAO_0002921","propLabel":"organism","propAbbrev":"bao:BAO_0002921","valueURI":"http://purl.obolibrary.org/obo/NCBITaxon_9606","valueLabel":"Homo sapiens","valueAbbrev":"obo:NCBITaxon_9606","valueDescr":"","groupNest":["http://www.bioassayexpress.org/bae#FAIR_0000003"],"groupLabel":["biosample details"],"altLabels":["man","human"],"valueHier":["http://www.bioassayontology.org/bao#BAO_0000362","http://www.bioassayontology.org/bao#BAO_0000510","http://www.bioassayontology.org/bao#BAO_0000659","http://www.bioassayontology.org/bao#BAO_0000509","http://www.bioassayontology.org/bao#BAO_0000658","http://www.bioassayontology.org/bao#BAO_0000551"],"labelHier":["mammalian","vertebrate","metazoa","eukaryote","cellular organisms","organism"]},{"propURI":"http://www.bioassayexpress.org/bae#FAIR_0000019","propLabel":"developmental stage","propAbbrev":"bae:FAIR_0000019","valueURI":"http://www.bioassayontology.org/bat#NotApplicable","valueLabel":"not applicable","valueAbbrev":"bat:NotApplicable","valueDescr":"This property does not apply to this assay.","groupNest":["http://www.bioassayexpress.org/bae#FAIR_0000003"],"groupLabel":["biosample details"],"valueHier":["http://www.bioassayontology.org/bat#Absence"],"labelHier":["absence"]},{"propURI":"http://www.bioassayexpress.org/bae#FAIR_0000008","propLabel":"layout","propAbbrev":"bae:FAIR_0000008","valueURI":"http://www.bioassayexpress.org/bae#FAIR_0001079","valueLabel":"paired end","valueAbbrev":"bae:FAIR_0001079","valueDescr":"","groupNest":["http://www.bioassayexpress.org/bae#FAIR_0000001"],"groupLabel":["library"],"valueHier":["http://www.bioassayexpress.org/bae#FAIR_0001078"],"labelHier":["library layout"]},{"propURI":"http://www.bioassayexpress.org/bae#FAIR_0000021","propLabel":"phenotype","propAbbrev":"bae:FAIR_0000021","valueURI":"http://www.bioassayexpress.com/bao_provisional#FAIR_0000151","valueLabel":"wild type","valueAbbrev":"user:FAIR_0000151","valueDescr":"","groupNest":["http://www.bioassayexpress.org/bae#FAIR_0000003"],"groupLabel":["biosample details"],"valueHier":["http://www.bioassayexpress.org/bae#FAIR_0001273"],"labelHier":["phenotype"]},{"propURI":"http://www.bioassayexpress.org/bae#FAIR_0000015","propLabel":"strain/isolate","propAbbrev":"bae:FAIR_0000015","valueURI":"http://www.bioassayontology.org/bat#NotApplicable","valueLabel":"not applicable","valueAbbrev":"bat:NotApplicable","valueDescr":"This property does not apply to this assay.","groupNest":["http://www.bioassayexpress.org/bae#FAIR_0000003"],"groupLabel":["biosample details"],"valueHier":["http://www.bioassayontology.org/bat#Absence"],"labelHier":["absence"]},{"propURI":"http://www.bioassayexpress.org/bae#FAIR_0000004","propLabel":"strategy","propAbbrev":"bae:FAIR_0000004","valueURI":"http://www.bioassayexpress.org/bae#FAIR_0001005","valueLabel":"RNA-Seq","valueAbbrev":"bae:FAIR_0001005","valueDescr":"Random sequencing of whole transcriptome","groupNest":["http://www.bioassayexpress.org/bae#FAIR_0000001"],"groupLabel":["library"],"valueHier":["http://www.bioassayexpress.org/bae#FAIR_0001001"],"labelHier":["strategy"]},{"propURI":"http://www.bioassayexpress.org/bae#FAIR_0000013","propLabel":"biomaterial provider","propAbbrev":"bae:FAIR_0000013","valueURI":"http://www.bioassayexpress.com/bao_provisional#FAIR_0000187","valueLabel":"ATCC  (American Type Culture Collection)","valueAbbrev":"user:FAIR_0000187","valueDescr":"","groupNest":["http://www.bioassayexpress.org/bae#FAIR_0000002"],"groupLabel":["biosample package"],"valueHier":["http://www.bioassayexpress.org/bae#FAIR_0001265"],"labelHier":["biomaterial provider"]},{"propURI":"http://www.bioassayexpress.org/bae#FAIR_0000018","propLabel":"sex","propAbbrev":"bae:FAIR_0000018","valueURI":"http://www.bioassayontology.org/bat#Ambiguous","valueLabel":"ambiguous","valueAbbrev":"bat:Ambiguous","valueDescr":"The source information is ambiguous: there are multiple indeterminate possibilities.","groupNest":["http://www.bioassayexpress.org/bae#FAIR_0000003"],"groupLabel":["biosample details"],"valueHier":["http://www.bioassayontology.org/bat#Absence"],"labelHier":["absence"]},{"propURI":"http://www.bioassayontology.org/bao#BAO_0002800","propLabel":"assay cell line","propAbbrev":"bao:BAO_0002800","valueURI":"http://purl.obolibrary.org/obo/BTO_0000970","valueLabel":"osteosarcoma cell","valueAbbrev":"obo:BTO_0000970","valueDescr":"A cell of a sarcoma derived from bone or containing bone tissue.","groupNest":["http://www.bioassayexpress.org/bae#FAIR_0000003"],"groupLabel":["biosample details"],"valueHier":["http://dto.org/DTO/DTO_000"],"labelHier":["BRENDA tissues and cell lines"]}],"annotsRemoved":[],"labelsAdded":[{"propURI":"http://www.bioassayexpress.org/bae#FAIR_0000157","valueLabel":"GSM3602006","propAbbrev":"bae:FAIR_0000157","groupNest":["http://www.bioassayexpress.org/bae#FAIR_0000001"],"propLabel":"geo ID","groupLabel":["library"]},{"propURI":"http://www.bioassayexpress.org/bae#FAIR_0000010","valueLabel":"SRX5369048","propAbbrev":"bae:FAIR_0000010","groupNest":["http://www.bioassayexpress.org/bae#FAIR_0000002"],"propLabel":"sample ID","groupLabel":["biosample package"]}],"labelsRemoved":[],"notesModified":{}}],"holdingIDList":[]}