{"schemaPrefix":"http://www.bioassayontology.org/bas/NextGenSeq#","assignments":[{"propURI":"http://www.bioassayexpress.org/bae#FAIR_0000004","propLabel":"strategy","propDescr":"","tree":
{"http://www.bioassayexpress.org/bae#FAIR_0001005":
{"label":"RNA-Seq","parent":"http://www.bioassayexpress.org/bae#FAIR_0001001"},"http://www.bioassayexpress.org/bae#FAIR_0001001":{"label":"strategy"},"http://www.bioassayexpress.org/bae#FAIR_0001013":
{"label":"ChIP-Seq","parent":"http://www.bioassayexpress.org/bae#FAIR_0001001"}}},{"propURI":"http://www.bioassayexpress.org/bae#FAIR_0000005","propLabel":"construction kit","propDescr":"","tree":
{"http://www.bioassayexpress.com/bao_provisional#FAIR_0000149":
{"label":"Illumina TruSeq RNA Sample prep kit","parent":"http://www.bioassayexpress.org/bae#FAIR_0001264"},"http://www.bioassayexpress.org/bae#FAIR_0001264":{"label":"construction kit"},"http://www.bioassayexpress.com/bao_provisional#FAIR_0000225":
{"label":"TRIzol Reagent","parent":"http://www.bioassayexpress.org/bae#FAIR_0001264"},"http://www.bioassayexpress.com/bao_provisional#FAIR_0000226":
{"label":"miRNeasy Micro Kit","parent":"http://www.bioassayexpress.org/bae#FAIR_0001264"},"http://www.bioassayontology.org/bat#Ambiguous":
{"label":"ambiguous","parent":"http://www.bioassayontology.org/bat#Absence"},"http://www.bioassayontology.org/bat#Absence":{"label":"absence"},"http://www.bioassayexpress.com/bao_provisional#FAIR_0000180":
{"label":"miRVana miRNA isolation kit","parent":"http://www.bioassayexpress.org/bae#FAIR_0001264"},"http://www.bioassayexpress.com/bao_provisional#FAIR_0000181":
{"label":"RNeasy MinElute kit","parent":"http://www.bioassayexpress.org/bae#FAIR_0001264"},"http://www.bioassayexpress.com/bao_provisional#FAIR_0000186":
{"label":"ThruPLEX DNA-seq kit","parent":"http://www.bioassayexpress.org/bae#FAIR_0001264"},"http://www.bioassayexpress.com/bao_provisional#FAIR_0000155":
{"label":"Nextera XT library preparation kit","parent":"http://www.bioassayexpress.org/bae#FAIR_0001264"},"http://www.bioassayontology.org/bat#Unknown":
{"label":"unknown","parent":"http://www.bioassayontology.org/bat#Absence"}}},{"propURI":"http://www.bioassayexpress.org/bae#FAIR_0000006","propLabel":"source","propDescr":"https://docs.google.com/spreadsheets/d/1iuWyU9kctgvNmeDiyunFyb4zmDz1e7zoLgZWsA_7Mjs/edit#gid=185680908","tree":
{"http://www.bioassayexpress.org/bae#FAIR_0001037":
{"label":"transcriptomic","parent":"http://www.bioassayexpress.org/bae#FAIR_0001035"},"http://www.bioassayexpress.org/bae#FAIR_0001035":{"label":"library source"},"http://www.bioassayexpress.org/bae#FAIR_0001036":
{"label":"genomic","parent":"http://www.bioassayexpress.org/bae#FAIR_0001035"}}},{"propURI":"http://www.bioassayexpress.org/bae#FAIR_0000007","propLabel":"selection","propDescr":"https://docs.google.com/spreadsheets/d/1iuWyU9kctgvNmeDiyunFyb4zmDz1e7zoLgZWsA_7Mjs/edit#gid=185680908","tree":
{"http://www.bioassayexpress.org/bae#FAIR_0001057":
{"label":"cDNA","parent":"http://www.bioassayexpress.org/bae#FAIR_0001044"},"http://www.bioassayexpress.org/bae#FAIR_0001044":{"label":"library selection"},"http://www.bioassayexpress.org/bae#FAIR_0001058":
{"label":"ChIP","parent":"http://www.bioassayexpress.org/bae#FAIR_0001044"}}},{"propURI":"http://www.bioassayexpress.org/bae#FAIR_0000008","propLabel":"layout","propDescr":"","tree":
{"http://www.bioassayexpress.org/bae#FAIR_0001080":
{"label":"single","parent":"http://www.bioassayexpress.org/bae#FAIR_0001078"},"http://www.bioassayexpress.org/bae#FAIR_0001078":{"label":"library layout"},"http://www.bioassayexpress.org/bae#FAIR_0001079":
{"label":"paired end","parent":"http://www.bioassayexpress.org/bae#FAIR_0001078"}}},{"propURI":"http://www.bioassayontology.org/bao#BAO_0002865","propLabel":"instrument platform","propDescr":"https://docs.google.com/spreadsheets/d/1iuWyU9kctgvNmeDiyunFyb4zmDz1e7zoLgZWsA_7Mjs/edit#gid=185680908","tree":
{"http://www.bioassayexpress.org/bae#FAIR_0001106":
{"label":"Illumina HiSeq 2000","parent":"http://www.bioassayexpress.org/bae#FAIR_0001097"},"http://www.bioassayexpress.org/bae#FAIR_0001097":
{"label":"Illumina","parent":"http://www.bioassayontology.org/bao#BAO_0000697"},"http://www.bioassayontology.org/bao#BAO_0000697":{"label":"detection instrument"},"http://www.bioassayexpress.org/bae#FAIR_0001109":
{"label":"Illumina HiSeq 4000","parent":"http://www.bioassayexpress.org/bae#FAIR_0001097"},"http://www.bioassayexpress.org/bae#FAIR_0001114":
{"label":"NextSeq 500","parent":"http://www.bioassayexpress.org/bae#FAIR_0001097"},"http://www.bioassayexpress.org/bae#FAIR_0001107":
{"label":"Illumina HiSeq 2500","parent":"http://www.bioassayexpress.org/bae#FAIR_0001097"}}},{"propURI":"http://www.bioassayexpress.org/bae#FAIR_0000157","propLabel":"geo ID","propDescr":"GEO ID (Gene Expression Omnibus)","tree":{}},{"propURI":"http://www.bioassayexpress.org/bae#FAIR_0000010","propLabel":"sample ID","propDescr":"Should be an SRX number from https://www.ncbi.nlm.nih.gov/sra/ ","tree":{}},{"propURI":"http://www.bioassayontology.org/bao#BAO_0000205","propLabel":"format","propDescr":"Terms (could potentially be merged with Assay Format): cell culture, mixed culture, tissue sample,  whole organism, single cell, metagenomic assembly","tree":
{"http://www.bioassayontology.org/bao#BAO_0000219":
{"label":"cell based format","parent":"http://www.bioassayontology.org/bao#BAO_0000019"},"http://www.bioassayontology.org/bao#BAO_0000019":{"label":"assay format"},"http://www.bioassayontology.org/bao#BAO_0000218":
{"label":"organism-based format","parent":"http://www.bioassayontology.org/bao#BAO_0000019"}}},{"propURI":"http://www.bioassayexpress.org/bae#FAIR_0000012","propLabel":"type","propDescr":"","tree":
{"http://www.bioassayexpress.org/bae#FAIR_0001159":
{"label":"model organism/animal","parent":"http://www.bioassayexpress.org/bae#FAIR_0001157"},"http://www.bioassayexpress.org/bae#FAIR_0001157":{"label":"biosample type"},"http://www.bioassayexpress.org/bae#FAIR_0001161":
{"label":"human","parent":"http://www.bioassayexpress.org/bae#FAIR_0001157"}}},{"propURI":"http://www.bioassayexpress.org/bae#FAIR_0000013","propLabel":"biomaterial provider","propDescr":"Controlled vocab here: ftp://ftp.ncbi.nlm.nih.gov/pub/taxonomy/coll_dump.txt [long list; enter shortcode]","tree":
{"http://www.bioassayexpress.com/bao_provisional#FAIR_0000150":
{"label":"Nasco","parent":"http://www.bioassayexpress.org/bae#FAIR_0001265"},"http://www.bioassayexpress.org/bae#FAIR_0001265":{"label":"biomaterial provider"},"http://www.bioassayexpress.com/bao_provisional#FAIR_0000187":
{"label":"ATCC  (American Type Culture Collection)","parent":"http://www.bioassayexpress.org/bae#FAIR_0001265"},"http://www.bioassayontology.org/bat#Unknown":
{"label":"unknown","parent":"http://www.bioassayontology.org/bat#Absence"},"http://www.bioassayontology.org/bat#Absence":{"label":"absence"}}},{"propURI":"http://www.bioassayexpress.org/bae#FAIR_0000014","propLabel":"geographic origin","propDescr":"http://www.geonames.org/ontology/documentation.html [geography ontology: very large]","tree":
{"http://www.bioassayontology.org/bat#Unknown":
{"label":"unknown","parent":"http://www.bioassayontology.org/bat#Absence"},"http://www.bioassayontology.org/bat#Absence":{"label":"absence"}}},{"propURI":"http://www.bioassayontology.org/bao#BAO_0002921","propLabel":"organism","propDescr":"","tree":
{"http://purl.obolibrary.org/obo/NCBITaxon_9606":
{"label":"Homo sapiens","parent":"http://www.bioassayontology.org/bao#BAO_0000362"},"http://www.bioassayontology.org/bao#BAO_0000362":
{"label":"mammalian","parent":"http://www.bioassayontology.org/bao#BAO_0000510"},"http://www.bioassayontology.org/bao#BAO_0000510":
{"label":"vertebrate","parent":"http://www.bioassayontology.org/bao#BAO_0000659"},"http://www.bioassayontology.org/bao#BAO_0000659":
{"label":"metazoa","parent":"http://www.bioassayontology.org/bao#BAO_0000509"},"http://www.bioassayontology.org/bao#BAO_0000509":
{"label":"eukaryote","parent":"http://www.bioassayontology.org/bao#BAO_0000658"},"http://www.bioassayontology.org/bao#BAO_0000658":
{"label":"cellular organisms","parent":"http://www.bioassayontology.org/bao#BAO_0000551"},"http://www.bioassayontology.org/bao#BAO_0000551":{"label":"organism"},"http://purl.obolibrary.org/obo/NCBITaxon_10090":
{"label":"Mus musculus","parent":"http://www.bioassayontology.org/bao#BAO_0000362"},"http://purl.obolibrary.org/obo/NCBITaxon_210":
{"label":"Helicobacter pylori","parent":"http://www.bioassayontology.org/bao#BAO_0000364"},"http://www.bioassayontology.org/bao#BAO_0000364":
{"label":"bacterium","parent":"http://www.bioassayexpress.org/bae#BAE_0000064"},"http://www.bioassayexpress.org/bae#BAE_0000064":
{"label":"prokaryote","parent":"http://www.bioassayontology.org/bao#BAO_0000658"},"http://purl.obolibrary.org/obo/NCBITaxon_209":
{"label":"Helicobacter","parent":"http://www.bioassayontology.org/bao#BAO_0000364"},"http://purl.obolibrary.org/obo/NCBITaxon_8355":
{"label":"Xenopus laevis","parent":"http://www.bioassayontology.org/bao#BAO_0000518"},"http://www.bioassayontology.org/bao#BAO_0000518":
{"label":"non-mammalian","parent":"http://www.bioassayontology.org/bao#BAO_0000510"},"http://purl.obolibrary.org/obo/NCBITaxon_6239":
{"label":"Caenorhabditis elegans","parent":"http://www.bioassayontology.org/bao#BAO_0000511"},"http://www.bioassayontology.org/bao#BAO_0000511":
{"label":"invertebrate","parent":"http://www.bioassayontology.org/bao#BAO_0000659"}}},{"propURI":"http://www.bioassayexpress.org/bae#FAIR_0000015","propLabel":"strain/isolate","propDescr":"","tree":
{"http://www.bioassayontology.org/bat#Unknown":
{"label":"unknown","parent":"http://www.bioassayontology.org/bat#Absence"},"http://www.bioassayontology.org/bat#Absence":{"label":"absence"},"http://www.bioassayontology.org/bat#NotApplicable":
{"label":"not applicable","parent":"http://www.bioassayontology.org/bat#Absence"},"http://www.bioassayexpress.com/bao_provisional#FAIR_0000221":
{"label":"C57BL/6","parent":"http://www.bioassayexpress.org/bae#FAIR_0001267"},"http://www.bioassayexpress.org/bae#FAIR_0001267":{"label":"strain/isolate"},"http://www.bioassayexpress.com/bao_provisional#FAIR_0000195":
{"label":"HPX-2 mutant","parent":"http://www.bioassayexpress.org/bae#FAIR_0001267"},"http://www.bioassayexpress.com/bao_provisional#FAIR_0000154":
{"label":"C57/ B6","parent":"http://www.bioassayexpress.org/bae#FAIR_0001267"}}},{"propURI":"http://www.bioassayexpress.org/bae#FAIR_0000016","propLabel":"host","propDescr":"","tree":
{"http://www.bioassayontology.org/bat#NotApplicable":
{"label":"not applicable","parent":"http://www.bioassayontology.org/bat#Absence"},"http://www.bioassayontology.org/bat#Absence":{"label":"absence"},"http://www.bioassayexpress.com/bao_provisional#FAIR_0000224":
{"label":"Mus musculus","parent":"http://www.bioassayexpress.org/bae#FAIR_0001268"},"http://www.bioassayexpress.org/bae#FAIR_0001268":{"label":"host"},"http://www.bioassayontology.org/bat#Unknown":
{"label":"unknown","parent":"http://www.bioassayontology.org/bat#Absence"}}},{"propURI":"http://www.bioassayexpress.org/bae#FAIR_0000017","propLabel":"age","propDescr":"","tree":
{"http://www.bioassayontology.org/bat#Ambiguous":
{"label":"ambiguous","parent":"http://www.bioassayontology.org/bat#Absence"},"http://www.bioassayontology.org/bat#Absence":{"label":"absence"},"http://www.bioassayontology.org/bat#NotApplicable":
{"label":"not applicable","parent":"http://www.bioassayontology.org/bat#Absence"}}},{"propURI":"http://www.bioassayexpress.org/bae#FAIR_0000018","propLabel":"sex","propDescr":"","tree":
{"http://www.bioassayexpress.org/bae#FAIR_0001271":
{"label":"female","parent":"http://www.bioassayexpress.org/bae#FAIR_0001269"},"http://www.bioassayexpress.org/bae#FAIR_0001269":{"label":"sex"},"http://www.bioassayexpress.org/bae#FAIR_0001270":
{"label":"male","parent":"http://www.bioassayexpress.org/bae#FAIR_0001269"},"http://www.bioassayontology.org/bat#Unknown":
{"label":"unknown","parent":"http://www.bioassayontology.org/bat#Absence"},"http://www.bioassayontology.org/bat#Absence":{"label":"absence"},"http://www.bioassayontology.org/bat#Ambiguous":
{"label":"ambiguous","parent":"http://www.bioassayontology.org/bat#Absence"},"http://www.bioassayontology.org/bat#NotApplicable":
{"label":"not applicable","parent":"http://www.bioassayontology.org/bat#Absence"}}},{"propURI":"http://www.bioassayexpress.org/bae#FAIR_0000019","propLabel":"developmental stage","propDescr":"Mouse: http://www.obofoundry.org/ontology/mmusdv.html\nZebrafish: https://www.ebi.ac.uk/ols/ontologies/zfs\nDrosophila: http://www.ontobee.org/ontology/FBdv\nXenopus: http://www.obofoundry.org/ontology/xao.html","tree":
{"http://purl.obolibrary.org/obo/XAO_1000087":
{"label":"oocyte stage V","parent":"http://purl.obolibrary.org/obo/XAO_1000082"},"http://purl.obolibrary.org/obo/XAO_1000082":
{"label":"unfertilized egg stage","parent":"http://purl.obolibrary.org/obo/XAO_1000000"},"http://purl.obolibrary.org/obo/XAO_1000000":{"label":"Xenopus developmental stage"},"http://purl.obolibrary.org/obo/XAO_1000088":
{"label":"oocyte stage VI","parent":"http://purl.obolibrary.org/obo/XAO_1000082"},"http://www.bioassayontology.org/bat#NotApplicable":
{"label":"not applicable","parent":"http://www.bioassayontology.org/bat#Absence"},"http://www.bioassayontology.org/bat#Absence":{"label":"absence"},"http://www.bioassayontology.org/bat#Ambiguous":
{"label":"ambiguous","parent":"http://www.bioassayontology.org/bat#Absence"},"http://www.bioassayontology.org/bat#Unknown":
{"label":"unknown","parent":"http://www.bioassayontology.org/bat#Absence"}}},{"propURI":"http://www.bioassayexpress.org/bae#FAIR_0000020","propLabel":"tissue","propDescr":"http://bioportal.bioontology.org/ontologies/1005","tree":
{"http://www.bioassayontology.org/bat#NotApplicable":
{"label":"not applicable","parent":"http://www.bioassayontology.org/bat#Absence"},"http://www.bioassayontology.org/bat#Absence":{"label":"absence"},"http://www.bioassayontology.org/bat#Ambiguous":
{"label":"ambiguous","parent":"http://www.bioassayontology.org/bat#Absence"},"http://www.bioassayexpress.com/bao_provisional#FAIR_0000222":
{"label":"spleen","parent":"http://www.bioassayexpress.org/bae#FAIR_0001272"},"http://www.bioassayexpress.org/bae#FAIR_0001272":{"label":"tissue"},"http://www.bioassayontology.org/bat#Unknown":
{"label":"unknown","parent":"http://www.bioassayontology.org/bat#Absence"},"http://www.bioassayexpress.com/bao_provisional#FAIR_0000205":
{"label":"lymphoid","parent":"http://www.bioassayexpress.org/bae#FAIR_0001272"},"http://www.bioassayexpress.com/bao_provisional#FAIR_0000153":
{"label":"mouse femur","parent":"http://www.bioassayexpress.org/bae#FAIR_0001272"}}},{"propURI":"http://www.bioassayontology.org/bao#BAO_0002800","propLabel":"assay cell line","propDescr":"An assay cell line refers to the source of the cells or cell line used in the assay. This may be from primary cells (as annotated) or, more frequently, from an immortal cell line. Due to the continued passaging of immortal cell lines, users must be aware that spontaneous mutations can, and often do, arise in sub-populations, such that the actual cells used in the individual assay may differ from the original source.","tree":
{"http://purl.obolibrary.org/obo/BTO_0000964":
{"label":"oocyte","parent":"http://dto.org/DTO/DTO_000"},"http://dto.org/DTO/DTO_000":{"label":"BRENDA tissues and cell lines"},"http://purl.obolibrary.org/obo/BTO_0000970":
{"label":"osteosarcoma cell","parent":"http://dto.org/DTO/DTO_000"},"http://www.bioassayexpress.com/bao_provisional#FAIR_0000217":
{"label":"regulatory T cells","parent":"http://purl.obolibrary.org/obo/CLO_0000001"},"http://purl.obolibrary.org/obo/CLO_0000001":{"label":"cell line cell"},"http://purl.obolibrary.org/obo/BTO_0000091":
{"label":"ascites","parent":"http://dto.org/DTO/DTO_000"},"http://purl.obolibrary.org/obo/BTO_0000150":
{"label":"breast cancer cell","parent":"http://dto.org/DTO/DTO_000"},"http://www.bioassayontology.org/bat#Unknown":
{"label":"unknown","parent":"http://www.bioassayontology.org/bat#Absence"},"http://www.bioassayontology.org/bat#Absence":{"label":"absence"}}},{"propURI":"http://www.bioassayontology.org/bao#BAO_0002848","propLabel":"disease","propDescr":"Disease targets that the assay is designed to affect. This is a more general term than the specific biological target.","tree":
{"http://www.bioassayontology.org/bat#NotApplicable":
{"label":"not applicable","parent":"http://www.bioassayontology.org/bat#Absence"},"http://www.bioassayontology.org/bat#Absence":{"label":"absence"},"http://purl.obolibrary.org/obo/DOID_4029":
{"label":"gastritis","parent":"http://purl.obolibrary.org/obo/DOID_76"},"http://purl.obolibrary.org/obo/DOID_76":
{"label":"stomach disease","parent":"http://purl.obolibrary.org/obo/DOID_77"},"http://purl.obolibrary.org/obo/DOID_77":
{"label":"gastrointestinal system disease","parent":"http://purl.obolibrary.org/obo/DOID_7"},"http://purl.obolibrary.org/obo/DOID_7":
{"label":"disease of anatomical entity","parent":"http://purl.obolibrary.org/obo/DOID_4"},"http://purl.obolibrary.org/obo/DOID_4":{"label":"Disease"},"http://purl.obolibrary.org/obo/DOID_104":
{"label":"bacterial infectious disease","parent":"http://purl.obolibrary.org/obo/DOID_0050117"},"http://purl.obolibrary.org/obo/DOID_0050117":
{"label":"disease by infectious agent","parent":"http://purl.obolibrary.org/obo/DOID_4"},"http://purl.obolibrary.org/obo/DOID_750":
{"label":"peptic ulcer disease","parent":"http://purl.obolibrary.org/obo/DOID_77"},"http://www.bioassayexpress.com/bao_provisional#FAIR_0000156":
{"label":"gastric ulcer","parent":"http://purl.obolibrary.org/obo/DOID_104"},"http://purl.obolibrary.org/obo/DOID_0050141":
{"label":"intestinal botulism","parent":"http://purl.obolibrary.org/obo/DOID_11976"},"http://purl.obolibrary.org/obo/DOID_11976":
{"label":"botulism","parent":"http://purl.obolibrary.org/obo/DOID_0050338"},"http://purl.obolibrary.org/obo/DOID_0050338":
{"label":"primary bacterial infectious disease","parent":"http://purl.obolibrary.org/obo/DOID_104"},"http://www.bioassayontology.org/bat#NeedsChecking":
{"label":"needs checking","parent":"http://www.bioassayontology.org/bat#Absence"},"http://www.bioassayexpress.com/bao_provisional#FAIR_0000219":
{"label":"autoimmune disease","parent":"http://purl.obolibrary.org/obo/DOID_2914"},"http://purl.obolibrary.org/obo/DOID_2914":
{"label":"immune system disease","parent":"http://purl.obolibrary.org/obo/DOID_7"},"http://purl.obolibrary.org/obo/DOID_2394":
{"label":"ovarian cancer","parent":"http://purl.obolibrary.org/obo/DOID_120"},"http://purl.obolibrary.org/obo/DOID_120":
{"label":"female reproductive organ cancer","parent":"http://purl.obolibrary.org/obo/DOID_193"},"http://purl.obolibrary.org/obo/DOID_193":
{"label":"reproductive organ cancer","parent":"http://purl.obolibrary.org/obo/DOID_0050686"},"http://purl.obolibrary.org/obo/DOID_0050686":
{"label":"organ system cancer","parent":"http://purl.obolibrary.org/obo/DOID_162"},"http://purl.obolibrary.org/obo/DOID_162":
{"label":"cancer","parent":"http://purl.obolibrary.org/obo/DOID_14566"},"http://purl.obolibrary.org/obo/DOID_14566":
{"label":"disease of cellular proliferation","parent":"http://purl.obolibrary.org/obo/DOID_4"},"http://purl.obolibrary.org/obo/DOID_0060081":
{"label":"triple-receptor negative breast cancer","parent":"http://purl.obolibrary.org/obo/DOID_1612"},"http://purl.obolibrary.org/obo/DOID_1612":
{"label":"breast cancer","parent":"http://purl.obolibrary.org/obo/DOID_5093"},"http://purl.obolibrary.org/obo/DOID_5093":
{"label":"thoracic cancer","parent":"http://purl.obolibrary.org/obo/DOID_0050686"},"http://www.bioassayontology.org/bat#Unknown":
{"label":"unknown","parent":"http://www.bioassayontology.org/bat#Absence"}}},{"propURI":"http://www.bioassayexpress.org/bae#FAIR_0000021","propLabel":"phenotype","propDescr":"http://bioportal.bioontology.org/visualize/44601","tree":
{"http://www.bioassayexpress.com/bao_provisional#FAIR_0000151":
{"label":"wild type","parent":"http://www.bioassayexpress.org/bae#FAIR_0001273"},"http://www.bioassayexpress.org/bae#FAIR_0001273":{"label":"phenotype"},"http://www.bioassayontology.org/bat#Ambiguous":
{"label":"ambiguous","parent":"http://www.bioassayontology.org/bat#Absence"},"http://www.bioassayontology.org/bat#Absence":{"label":"absence"},"http://www.bioassayontology.org/bat#Unknown":
{"label":"unknown","parent":"http://www.bioassayontology.org/bat#Absence"}}}]}